-- phpMyAdmin SQL Dump
-- version 4.4.8
-- http://www.phpmyadmin.net
--
-- Host: localhost
-- Generation Time: Feb 22, 2018 at 09:25 AM
-- Server version: 5.6.24
-- PHP Version: 5.6.10RC1

SET SQL_MODE = "NO_AUTO_VALUE_ON_ZERO";
SET time_zone = "+00:00";


/*!40101 SET @OLD_CHARACTER_SET_CLIENT=@@CHARACTER_SET_CLIENT */;
/*!40101 SET @OLD_CHARACTER_SET_RESULTS=@@CHARACTER_SET_RESULTS */;
/*!40101 SET @OLD_COLLATION_CONNECTION=@@COLLATION_CONNECTION */;
/*!40101 SET NAMES utf8 */;

--
-- Database: `sena_taopoon`
--

-- --------------------------------------------------------

--
-- Table structure for table `floor`
--

CREATE TABLE IF NOT EXISTS `floor` (
  `id` int(11) NOT NULL,
  `tower` varchar(200) NOT NULL,
  `floor` varchar(50) NOT NULL,
  `image` varchar(255) NOT NULL
) ENGINE=InnoDB AUTO_INCREMENT=34 DEFAULT CHARSET=utf8;

--
-- Dumping data for table `floor`
--

INSERT INTO `floor` (`id`, `tower`, `floor`, `image`) VALUES
(1, '1', '8', ''),
(2, '1', '9', ''),
(3, '1', '10', ''),
(4, '1', '11', ''),
(5, '1', '12', ''),
(6, '1', '12A', ''),
(7, '1', '14', ''),
(8, '1', '15', ''),
(9, '1', '16', ''),
(10, '1', '17', ''),
(11, '1', '18', ''),
(12, '1', '19', ''),
(13, '1', '20', ''),
(17, '1', '21', ''),
(18, '1', '22', ''),
(19, '1', '23', ''),
(20, '1', '24', ''),
(21, '1', '25', ''),
(22, '1', '26', ''),
(23, '1', '27', ''),
(24, '1', '28', ''),
(25, '1', '29', ''),
(26, '1', '30', ''),
(27, '1', '31', ''),
(28, '1', '32', ''),
(29, '1', '33', ''),
(30, '1', '34', ''),
(31, '1', '35', ''),
(32, '1', '36', ''),
(33, '1', '37', '');

-- --------------------------------------------------------

--
-- Table structure for table `permission`
--

CREATE TABLE IF NOT EXISTS `permission` (
  `permission_id` int(11) NOT NULL,
  `type` varchar(100) NOT NULL
) ENGINE=InnoDB AUTO_INCREMENT=4 DEFAULT CHARSET=utf8;

--
-- Dumping data for table `permission`
--

INSERT INTO `permission` (`permission_id`, `type`) VALUES
(1, 'Super Admin'),
(2, 'Admin'),
(3, 'User');

-- --------------------------------------------------------

--
-- Table structure for table `room`
--

CREATE TABLE IF NOT EXISTS `room` (
  `id` int(11) NOT NULL,
  `room_code` varchar(255) CHARACTER SET utf8 COLLATE utf8_unicode_ci NOT NULL,
  `room_no` varchar(255) NOT NULL,
  `unit_no` varchar(255) NOT NULL,
  `tower` varchar(255) CHARACTER SET utf8 COLLATE utf8_unicode_ci NOT NULL,
  `floor` varchar(255) CHARACTER SET utf8 COLLATE utf8_unicode_ci NOT NULL,
  `size` double NOT NULL,
  `room_type` varchar(255) CHARACTER SET utf8 COLLATE utf8_unicode_ci NOT NULL,
  `price` int(11) DEFAULT NULL,
  `compass` varchar(50) NOT NULL,
  `balcony` varchar(50) NOT NULL,
  `status` int(11) NOT NULL
) ENGINE=InnoDB AUTO_INCREMENT=743 DEFAULT CHARSET=utf8;

--
-- Dumping data for table `room`
--

INSERT INTO `room` (`id`, `room_code`, `room_no`, `unit_no`, `tower`, `floor`, `size`, `room_type`, `price`, `compass`, `balcony`, `status`) VALUES
(1, '801', '01', '801', '1', '1', 31.59, '7', 4063616, 'north', '42', 2),
(2, '802', '02', '802', '1', '1', 31.64, '6', 4063616, 'north', '-3', 3),
(3, '803', '03', '803', '1', '1', 31.95, '7', 4063616, 'north', '-3', 4),
(4, '804', '04', '804', '1', '1', 27.97, '1', 3436844, 'north', '-3', 2),
(5, '805', '05', '805', '1', '1', 27.86, '2', 3436844, 'north', '-3', 2),
(6, '806', '06', '806', '1', '1', 27.97, '1', 3436844, 'north', '-3', 2),
(7, '807', '07', '807', '1', '1', 27.86, '2', 3436844, 'north', '-3', 2),
(8, '808', '08', '808', '1', '1', 27.97, '1', 3436844, 'north', '-3', 2),
(9, '809', '09', '809', '1', '1', 27.86, '2', 3436844, 'north', '-3', 2),
(10, '810', '10', '810', '1', '1', 27.97, '1', 3436844, 'north', '-3', 2),
(11, '811', '11', '811', '1', '1', 27.86, '2', 3466844, 'north', '-3', 2),
(12, '812', '12', '812', '1', '1', 31.91, '8', 3963616, 'north', '-3', 2),
(13, '813', '13', '813', '1', '1', 31.91, '8', 3963616, 'north', '-3', 2),
(14, '814', '14', '814', '1', '1', 31.91, '8', 3963616, 'north', '-3', 2),
(15, '815', '15', '815', '1', '1', 48.59, '13', 5959212, 'north', '-3', 2),
(16, '816', '16', '816', '1', '1', 27.86, '15', 6402212, 'south', '177', 2),
(17, '817', '17', '817', '1', '1', 27.84, '3', 3762844, 'south', '177', 2),
(18, '818', '18', '818', '1', '1', 31.67, '11', 4337616, 'south', '177', 2),
(19, '819', '19', '819', '1', '1', 27.95, '4', 3532844, 'south', '177', 2),
(20, '820', '20', '820', '1', '1', 27.84, '3', 3732844, 'south', '177', 2),
(21, '821', '21', '821', '1', '1', 31.89, '10', 4287616, 'south', '177', 2),
(22, '822', '22', '822', '1', '1', 31.92, '9', 4287616, 'south', '177', 2),
(23, '823', '23', '823', '1', '1', 31.92, '9', 4287616, 'south', '177', 2),
(24, '824', '24', '824', '1', '1', 31.92, '9', 4287616, 'south', '177', 2),
(25, '825', '25', '825', '1', '1', 34.31, '12', 4597336, 'south', '177', 2),
(26, '826', '26', '826', '1', '1', 34.31, '12', 4597336, 'south', '177', 2),
(27, '827', '27', '827', '1', '1', 34.31, '12', 4597336, 'south', '177', 2),
(28, '828', '28', '828', '1', '1', 49.13, '14', 6402212, 'south', '177', 2),
(29, '901', '01', '901', '1', '2', 31.59, '5', 0, 'north', '42', 1),
(30, '902', '02', '902', '1', '2', 31.64, '6', 0, 'north', '-3', 1),
(31, '903', '03', '903', '1', '2', 31.95, '7', 0, 'north', '-3', 1),
(32, '904', '04', '904', '1', '2', 27.97, '1', 0, 'north', '-3', 1),
(33, '905', '05', '905', '1', '2', 27.86, '2', 0, 'north', '-3', 1),
(34, '906', '06', '906', '1', '2', 27.97, '1', 0, 'north', '-3', 1),
(35, '907', '07', '907', '1', '2', 27.86, '2', 0, 'north', '-3', 1),
(36, '908', '08', '908', '1', '2', 27.97, '1', 0, 'north', '-3', 1),
(37, '909', '09', '909', '1', '2', 27.86, '2', 0, 'north', '-3', 1),
(38, '910', '10', '910', '1', '2', 27.97, '1', 0, 'north', '-3', 1),
(39, '911', '11', '911', '1', '2', 27.86, '2', 0, 'north', '-3', 1),
(40, '912', '12', '912', '1', '2', 31.91, '8', 0, 'north', '-3', 1),
(41, '913', '13', '913', '1', '2', 31.91, '8', 0, 'north', '-3', 1),
(42, '914', '14', '914', '1', '2', 31.91, '8', 0, 'north', '-3', 1),
(43, '915', '15', '915', '1', '2', 48.59, '13', 0, 'north', '-3', 1),
(44, '916', '16', '916', '1', '2', 48.76, '15', 6426212, 'south', '177', 2),
(45, '917', '17', '917', '1', '2', 27.84, '3', 3776844, 'south', '177', 2),
(46, '918', '18', '918', '1', '2', 31.67, '11', 4353616, 'south', '177', 2),
(47, '919', '19', '919', '1', '2', 27.95, '4', 3546844, 'south', '177', 2),
(48, '920', '20', '920', '1', '2', 27.84, '3', 3746844, 'south', '177', 2),
(49, '921', '21', '921', '1', '2', 31.89, '10', 4303616, 'south', '177', 2),
(50, '922', '22', '922', '1', '2', 31.92, '9', 4303616, 'south', '177', 2),
(51, '923', '23', '923', '1', '2', 31.92, '9', 4303616, 'south', '177', 2),
(52, '924', '24', '924', '1', '2', 31.92, '9', 4303616, 'south', '177', 2),
(53, '925', '25', '925', '1', '2', 34.31, '12', 4615336, 'south', '177', 2),
(54, '926', '26', '926', '1', '2', 34.31, '12', 4615336, 'south', '177', 2),
(55, '927', '27', '927', '1', '2', 34.31, '12', 4615336, 'south', '177', 2),
(56, '928', '28', '928', '1', '2', 49.13, '14', 6426212, 'south', '177', 2),
(57, '1001', '01', '1001', '1', '3', 31.59, '5', 4095616, 'north', '42', 1),
(58, '1002', '02', '1002', '1', '3', 31.64, '6', 4045616, 'north', '-3', 1),
(59, '1003', '03', '1003', '1', '3', 31.95, '7', 4045616, 'north', '-3', 1),
(60, '1004', '04', '1004', '1', '3', 27.97, '1', 3464844, 'north', '-3', 1),
(61, '1005', '05', '1005', '1', '3', 27.86, '2', 3464844, 'north', '-3', 1),
(62, '1006', '06', '1006', '1', '3', 27.97, '1', 3464844, 'north', '-3', 1),
(63, '1007', '07', '1007', '1', '3', 27.86, '2', 3464844, 'north', '-3', 1),
(64, '1008', '08', '1008', '1', '3', 27.97, '1', 3464844, 'north', '-3', 1),
(65, '1009', '09', '1009', '1', '3', 27.86, '2', 3464844, 'north', '-3', 1),
(66, '1010', '10', '1010', '1', '3', 27.97, '1', 3464844, 'north', '-3', 1),
(67, '1011', '11', '1011', '1', '3', 27.86, '2', 3494844, 'north', '-3', 1),
(68, '1012', '12', '1012', '1', '3', 31.91, '8', 3995616, 'north', '-3', 1),
(69, '1013', '13', '1013', '1', '3', 31.91, '8', 3995616, 'north', '-3', 1),
(70, '1014', '14', '1014', '1', '3', 31.91, '8', 3995616, 'north', '-3', 1),
(71, '1015', '15', '1015', '1', '3', 48.59, '13', 6008212, 'north', '-3', 1),
(72, '1016', '16', '1016', '1', '3', 48.76, '15', 6451212, 'south', '177', 1),
(73, '1017', '17', '1017', '1', '3', 27.84, '3', 3790844, 'south', '177', 1),
(74, '1018', '18', '1018', '1', '3', 31.67, '11', 4369616, 'south', '177', 1),
(75, '1019', '19', '1019', '1', '3', 27.95, '4', 3560844, 'south', '177', 1),
(76, '1020', '20', '1020', '1', '3', 27.84, '3', 3760844, 'south', '177', 1),
(77, '1021', '21', '1021', '1', '3', 31.89, '10', 4319616, 'south', '177', 1),
(78, '1022', '22', '1022', '1', '3', 31.92, '9', 4319616, 'south', '177', 1),
(79, '1023', '23', '1023', '1', '3', 31.92, '9', 3494844, 'south', '177', 1),
(80, '1024', '24', '1024', '1', '3', 31.92, '9', 4319616, 'south', '177', 1),
(81, '1025', '25', '1025', '1', '3', 34.31, '12', 4632336, 'south', '177', 1),
(82, '1026', '26', '1026', '1', '3', 34.31, '12', 4632336, 'south', '177', 1),
(83, '1027', '27', '1027', '1', '3', 34.31, '12', 4632336, 'south', '177', 1),
(84, '1028', '28', '1028', '1', '3', 49.13, '14', 6451212, 'south', '177', 1),
(85, '1101', '01', '1101', '1', '4', 31.59, '5', 4111616, 'north', '42', 1),
(86, '1102', '02', '1102', '1', '4', 31.64, '6', 4061616, 'north', '-3', 1),
(87, '1103', '03', '1103', '1', '4', 31.95, '7', 4061616, 'north', '-3', 1),
(88, '1104', '04', '1104', '1', '4', 27.97, '1', 3478844, 'north', '-3', 1),
(89, '1105', '05', '1105', '1', '4', 27.86, '2', 3478844, 'north', '-3', 1),
(90, '1106', '06', '1106', '1', '4', 27.97, '1', 3478844, 'north', '-3', 1),
(91, '1107', '07', '1107', '1', '4', 27.86, '2', 3478844, 'north', '-3', 1),
(92, '1108', '08', '1108', '1', '4', 27.97, '1', 3478844, 'north', '-3', 1),
(93, '1109', '09', '1109', '1', '4', 27.86, '2', 3478844, 'north', '-3', 1),
(94, '1110', '10', '1110', '1', '4', 27.97, '1', 3478844, 'north', '-3', 1),
(95, '1111', '11', '1111', '1', '4', 27.86, '2', 3508844, 'north', '-3', 1),
(96, '1112', '12', '1112', '1', '4', 31.91, '8', 4011616, 'north', '-3', 1),
(97, '1113', '13', '1113', '1', '4', 31.91, '8', 4011616, 'north', '-3', 1),
(98, '1114', '14', '1114', '1', '4', 31.91, '8', 4011616, 'north', '-3', 1),
(99, '1115', '15', '1115', '1', '4', 48.59, '13', 6032212, 'north', '-3', 1),
(100, '1116', '16', '1116', '1', '4', 48.76, '15', 6475212, 'south', '177', 1),
(101, '1117', '17', '1117', '1', '4', 27.84, '3', 3804844, 'south', '177', 1),
(102, '1118', '18', '1118', '1', '4', 31.67, '11', 4385616, 'south', '177', 1),
(103, '1119', '19', '1119', '1', '4', 27.95, '4', 3574844, 'south', '177', 1),
(104, '1120', '20', '1120', '1', '4', 27.84, '3', 3774844, 'south', '177', 1),
(105, '1121', '21', '1121', '1', '4', 31.89, '10', 4011616, 'south', '177', 1),
(106, '1122', '22', '1122', '1', '4', 31.92, '9', 4335616, 'south', '177', 1),
(107, '1123', '23', '1123', '1', '4', 31.92, '9', 4335616, 'south', '177', 1),
(108, '1124', '24', '1124', '1', '4', 31.92, '9', 4335616, 'south', '177', 1),
(109, '1125', '25', '1125', '1', '4', 34.31, '12', 4649336, 'south', '177', 1),
(110, '1126', '26', '1126', '1', '4', 34.31, '12', 4649336, 'south', '177', 1),
(111, '1127', '27', '1127', '1', '4', 34.31, '12', 4649336, 'south', '177', 1),
(112, '1128', '28', '1128', '1', '4', 49.13, '14', 6475212, 'south', '177', 1),
(113, '1201', '01', '1201', '1', '5', 31.59, '5', 4127616, 'north', '42', 1),
(114, '1202', '02', '1202', '1', '5', 31.64, '6', 4077616, 'north', '-3', 1),
(115, '1203', '03', '1203', '1', '5', 31.95, '7', 4077616, 'north', '-3', 1),
(116, '1204', '04', '1204', '1', '5', 27.97, '1', 3492844, 'north', '-3', 1),
(117, '1205', '05', '1205', '1', '5', 27.86, '2', 4649336, 'north', '-3', 1),
(118, '1206', '06', '1206', '1', '5', 27.97, '1', 3492844, 'north', '-3', 1),
(119, '1207', '07', '1207', '1', '5', 27.86, '2', 3492844, 'north', '-3', 1),
(120, '1208', '08', '1208', '1', '5', 27.97, '1', 3492844, 'north', '-3', 1),
(121, '1209', '09', '1209', '1', '5', 27.86, '2', 3492844, 'north', '-3', 1),
(122, '1210', '10', '1210', '1', '5', 27.97, '1', 3492844, 'north', '-3', 1),
(123, '1211', '11', '1211', '1', '5', 27.86, '2', 3522844, 'north', '-3', 1),
(124, '1212', '12', '1212', '1', '5', 31.91, '1', 4027616, 'north', '-3', 1),
(125, '1213', '13', '1213', '1', '5', 31.91, '8', 4027616, 'north', '-3', 1),
(126, '1214', '14', '1214', '1', '5', 31.91, '8', 4027616, 'north', '-3', 1),
(127, '1215', '15', '1215', '1', '5', 48.59, '13', 6057212, 'north', '-3', 1),
(128, '1216', '16', '1216', '1', '5', 48.76, '15', 6500212, 'south', '177', 1),
(129, '1217', '17', '1217', '1', '5', 27.84, '3', 3818844, 'south', '177', 1),
(130, '1218', '18', '1218', '1', '5', 31.67, '11', 4401616, 'south', '177', 1),
(131, '1219', '19', '1219', '1', '5', 27.95, '2', 3588844, 'south', '177', 1),
(132, '1220', '20', '1220', '1', '5', 27.84, '3', 3788844, 'south', '177', 1),
(133, '1221', '21', '1221', '1', '5', 31.89, '10', 4351616, 'south', '177', 1),
(134, '1222', '22', '1222', '1', '5', 31.92, '9', 4351616, 'south', '177', 1),
(135, '1223', '23', '1223', '1', '5', 31.92, '9', 4351616, 'south', '177', 1),
(136, '1224', '24', '1224', '1', '5', 31.92, '9', 4351616, 'south', '177', 1),
(137, '1225', '25', '1225', '1', '5', 34.31, '12', 4666336, 'south', '177', 1),
(138, '1226', '26', '1226', '1', '5', 34.31, '12', 4666336, 'south', '177', 1),
(139, '1227', '27', '1227', '1', '5', 34.31, '12', 4666336, 'south', '177', 1),
(140, '1228', '28', '1228', '1', '5', 49.13, '14', 6500212, 'south', '177', 1),
(141, '1301', '01', '12A01', '1', '6', 31.59, '5', 4095616, 'north', '42', 1),
(142, '1302', '02', '12A02', '1', '6', 31.64, '6', 4045616, 'north', '-3', 1),
(143, '1303', '03', '12A03', '1', '6', 31.95, '7', 4045616, 'north', '-3', 1),
(144, '1304', '04', '12A04', '1', '6', 27.97, '1', 3464844, 'north', '-3', 1),
(145, '1305', '05', '12A05', '1', '6', 27.86, '2', 3464844, 'north', '-3', 1),
(146, '1306', '06', '12A06', '1', '6', 27.97, '1', 3464844, 'north', '-3', 1),
(147, '1307', '07', '12A07', '1', '6', 27.86, '2', 3464844, 'north', '-3', 1),
(148, '1308', '08', '12A08', '1', '6', 27.97, '1', 3464844, 'north', '-3', 1),
(149, '1309', '09', '12A09', '1', '6', 27.86, '2', 3464844, 'north', '-3', 1),
(150, '1310', '10', '12A10', '1', '6', 27.97, '1', 3464844, 'north', '-3', 1),
(151, '1311', '11', '12A11', '1', '6', 27.86, '2', 3494844, 'north', '-3', 1),
(152, '1312', '12', '12A12', '1', '6', 31.91, '8', 3995616, 'north', '-3', 1),
(153, '1313', '13', '12A13', '1', '6', 31.91, '8', 3995616, 'north', '-3', 1),
(154, '1314', '14', '12A14', '1', '6', 31.91, '8', 3995616, 'north', '-3', 1),
(155, '1315', '15', '12A15', '1', '6', 48.59, '13', 6008212, 'north', '-3', 1),
(156, '1316', '16', '12A16', '1', '6', 48.76, '15', 6451212, 'south', '177', 1),
(157, '1317', '17', '12A17', '1', '6', 27.84, '3', 3790844, 'south', '177', 1),
(158, '1318', '18', '12A18', '1', '6', 31.67, '11', 4369616, 'south', '177', 1),
(159, '1319', '19', '12A19', '1', '6', 27.97, '4', 3560844, 'south', '177', 1),
(160, '1320', '20', '12A20', '1', '6', 27.84, '3', 3760844, 'south', '177', 1),
(161, '1321', '21', '12A21', '1', '6', 31.89, '10', 4319616, 'south', '177', 1),
(162, '1322', '22', '12A22', '1', '6', 31.92, '9', 4319616, 'south', '177', 1),
(163, '1323', '23', '12A23', '1', '6', 31.92, '9', 3790844, 'south', '177', 1),
(164, '1324', '24', '12A24', '1', '6', 31.92, '9', 4319616, 'south', '177', 1),
(165, '1325', '25', '12A25', '1', '6', 34.31, '12', 4632336, 'south', '177', 1),
(166, '1326', '26', '12A26', '1', '6', 34.31, '12', 4632336, 'south', '177', 1),
(167, '1327', '27', '12A27', '1', '6', 34.31, '12', 4632336, 'south', '177', 1),
(168, '1328', '28', '12A28', '1', '6', 49.13, '14', 6451212, 'south', '177', 1),
(169, '1401', '01', '1401', '1', '7', 31.59, '5', 4159616, 'north', '42', 1),
(170, '1402', '02', '1402', '1', '7', 31.64, '6', 4109616, 'north', '-3', 1),
(171, '1403', '03', '1403', '1', '7', 31.95, '7', 4109616, 'north', '-3', 1),
(172, '1404', '04', '1404', '1', '7', 27.97, '1', 3520844, 'north', '-3', 1),
(173, '1405', '05', '1405', '1', '7', 27.86, '2', 3520844, 'north', '-3', 1),
(174, '1406', '06', '1406', '1', '7', 27.97, '1', 3520844, 'north', '-3', 1),
(175, '1407', '07', '1407', '1', '7', 27.86, '2', 3520844, 'north', '-3', 1),
(176, '1408', '08', '1408', '1', '7', 27.97, '1', 3520844, 'north', '-3', 1),
(177, '1409', '09', '1409', '1', '7', 27.86, '2', 3520844, 'north', '-3', 1),
(178, '1410', '10', '1410', '1', '7', 27.97, '1', 3520844, 'north', '-3', 1),
(179, '1411', '11', '1411', '1', '7', 27.86, '2', 3550844, 'north', '-3', 1),
(180, '1412', '12', '1412', '1', '7', 31.91, '8', 4059616, 'north', '-3', 1),
(181, '1413', '13', '1413', '1', '7', 31.91, '8', 4059616, 'north', '-3', 1),
(182, '1414', '14', '1414', '1', '7', 31.91, '8', 4059616, 'north', '-3', 1),
(183, '1415', '15', '1415', '1', '7', 48.59, '13', 6106212, 'north', '-3', 1),
(184, '1416', '16', '1416', '1', '7', 48.76, '15', 6549212, 'south', '177', 1),
(185, '1417', '17', '1417', '1', '7', 27.84, '3', 3846844, 'south', '177', 1),
(186, '1418', '18', '1418', '1', '7', 31.67, '11', 4433616, 'south', '177', 1),
(187, '1419', '19', '1419', '1', '7', 27.95, '4', 3616844, 'south', '177', 1),
(188, '1420', '20', '1420', '1', '7', 27.84, '3', 3816844, 'south', '177', 1),
(189, '1421', '21', '1421', '1', '7', 31.89, '10', 4383616, 'south', '177', 1),
(190, '1422', '22', '1422', '1', '7', 31.92, '9', 4383616, 'south', '177', 1),
(191, '1423', '23', '1423', '1', '7', 31.92, '9', 4383616, 'south', '177', 1),
(192, '1424', '24', '1424', '1', '7', 31.92, '9', 4383616, 'south', '177', 1),
(193, '1425', '25', '1425', '1', '7', 34.31, '12', 4701336, 'south', '177', 1),
(194, '1426', '26', '1426', '1', '7', 34.31, '12', 4701336, 'south', '177', 1),
(195, '1427', '27', '1427', '1', '7', 34.31, '12', 4701336, 'south', '177', 1),
(196, '1428', '28', '1428', '1', '7', 49.13, '14', 6549212, 'south', '177', 1),
(197, '1501', '01', '1501', '1', '8', 31.59, '5', 4175616, 'north', '42', 2),
(198, '1502', '02', '1502', '1', '8', 31.64, '6', 4125616, 'north', '-3', 2),
(199, '1503', '03', '1503', '1', '8', 31.95, '7', 4125616, 'north', '-3', 2),
(200, '1504', '04', '1504', '1', '8', 27.97, '1', 3534844, 'north', '-3', 2),
(201, '1505', '05', '1505', '1', '8', 27.86, '2', 3534844, 'north', '-3', 2),
(202, '1506', '06', '1506', '1', '8', 27.97, '1', 3534844, 'north', '-3', 2),
(203, '1507', '07', '1507', '1', '8', 27.86, '2', 3534844, 'north', '-3', 2),
(204, '1508', '08', '1508', '1', '8', 27.97, '1', 3534844, 'north', '-3', 2),
(205, '1509', '09', '1509', '1', '8', 27.86, '2', 3534844, 'north', '-3', 2),
(206, '1510', '10', '1510', '1', '8', 27.97, '1', 3534844, 'north', '-3', 2),
(207, '1511', '11', '1511', '1', '8', 27.86, '2', 3564844, 'north', '-3', 2),
(208, '1512', '12', '1512', '1', '8', 31.91, '8', 4075616, 'north', '-3', 2),
(209, '1513', '13', '1513', '1', '8', 31.91, '8', 4075616, 'north', '-3', 2),
(210, '1514', '14', '1514', '1', '8', 31.91, '8', 4075616, 'north', '-3', 2),
(211, '1515', '15', '1515', '1', '8', 48.59, '13', 6130212, 'north', '-3', 2),
(212, '1516', '16', '1516', '1', '8', 48.76, '6', 6573212, 'south', '177', 2),
(213, '1517', '17', '1517', '1', '8', 27.84, '3', 3860844, 'south', '177', 2),
(214, '1518', '18', '1518', '1', '8', 31.67, '11', 4449616, 'south', '177', 2),
(215, '1519', '19', '1519', '1', '8', 27.95, '4', 3630844, 'south', '177', 2),
(216, '1520', '20', '1520', '1', '8', 27.84, '3', 3830844, 'south', '177', 2),
(217, '1521', '21', '1521', '1', '8', 31.89, '10', 4399616, 'south', '177', 2),
(218, '1522', '22', '1522', '1', '8', 31.92, '9', 4399616, 'south', '177', 2),
(219, '1523', '23', '1523', '1', '8', 31.92, '9', 4399616, 'south', '177', 2),
(220, '1524', '24', '1524', '1', '8', 31.92, '9', 4399616, 'south', '177', 2),
(221, '1525', '25', '1525', '1', '8', 34.31, '12', 4718336, 'south', '177', 2),
(222, '1526', '26', '1526', '1', '8', 34.31, '12', 4718336, 'south', '177', 2),
(223, '1527', '27', '1527', '1', '8', 34.31, '12', 4718336, 'south', '177', 2),
(224, '1528', '28', '1528', '1', '8', 49.13, '14', 6573212, 'south', '177', 2),
(225, '1601', '01', '1601', '1', '9', 31.59, '5', 4191616, 'north', '42', 1),
(226, '1602', '02', '1602', '1', '9', 31.64, '6', 4141616, 'north', '-3', 1),
(227, '1603', '03', '1603', '1', '9', 31.95, '7', 4141616, 'north', '-3', 1),
(228, '1604', '04', '1604', '1', '9', 27.97, '1', 3548844, 'north', '-3', 1),
(229, '1605', '05', '1605', '1', '9', 27.86, '2', 3548844, 'north', '-3', 1),
(230, '1606', '06', '1606', '1', '9', 27.97, '1', 3548844, 'north', '-3', 1),
(231, '1607', '07', '1607', '1', '9', 27.86, '2', 6573212, 'north', '-3', 1),
(232, '1608', '08', '1608', '1', '9', 27.97, '1', 3548844, 'north', '-3', 1),
(233, '1609', '09', '1609', '1', '9', 27.86, '2', 3548844, 'north', '-3', 1),
(234, '1610', '10', '1610', '1', '9', 27.97, '1', 3548844, 'north', '-3', 1),
(235, '1611', '11', '1611', '1', '9', 27.86, '2', 3578844, 'north', '-3', 1),
(236, '1612', '12', '1612', '1', '9', 31.91, '8', 4091616, 'north', '-3', 1),
(237, '1613', '13', '1613', '1', '9', 31.91, '8', 4091616, 'north', '-3', 1),
(238, '1614', '14', '1614', '1', '9', 31.91, '8', 4091616, 'north', '-3', 1),
(239, '1615', '15', '1615', '1', '9', 48.59, '13', 6155212, 'north', '-3', 1),
(240, '1616', '16', '1616', '1', '9', 48.76, '15', 6598212, 'south', '177', 1),
(241, '1617', '17', '1617', '1', '9', 27.84, '3', 3874844, 'south', '177', 1),
(242, '1618', '18', '1618', '1', '9', 31.67, '11', 4465616, 'south', '177', 1),
(243, '1619', '19', '1619', '1', '9', 27.95, '4', 3644844, 'south', '177', 1),
(244, '1620', '20', '1620', '1', '9', 27.84, '3', 3844844, 'south', '177', 1),
(245, '1621', '21', '1621', '1', '9', 31.89, '10', 4415616, 'south', '177', 1),
(246, '1622', '22', '1622', '1', '9', 31.92, '9', 4415616, 'south', '177', 1),
(247, '1623', '23', '1623', '1', '9', 31.92, '9', 4415616, 'south', '177', 1),
(248, '1624', '24', '1624', '1', '9', 31.92, '9', 4415616, 'south', '177', 1),
(249, '1625', '25', '1625', '1', '9', 34.31, '12', 4735336, 'south', '177', 1),
(250, '1626', '26', '1626', '1', '9', 34.31, '12', 4735336, 'south', '177', 1),
(251, '1627', '27', '1627', '1', '9', 34.31, '12', 4735336, 'south', '177', 1),
(252, '1628', '28', '1628', '1', '9', 49.13, '14', 6598212, 'south', '177', 1),
(253, '1701', '01', '1701', '1', '9', 31.59, '5', 4207616, 'north', '42', 1),
(254, '1702', '02', '1702', '1', '10', 31.64, '6', 4177616, 'north', '-3', 1),
(255, '1703', '03', '1703', '1', '10', 31.95, '7', 4157616, 'north', '-3', 1),
(256, '1704', '04', '1704', '1', '10', 27.97, '1', 3562844, 'north', '-3', 1),
(257, '1705', '05', '1705', '1', '10', 27.86, '2', 3562844, 'north', '-3', 1),
(258, '1706', '06', '1706', '1', '10', 27.97, '1', 3562844, 'north', '-3', 1),
(259, '1707', '07', '1707', '1', '10', 27.86, '2', 3562844, 'north', '-3', 1),
(260, '1708', '08', '1708', '1', '10', 27.97, '1', 3562844, 'north', '-3', 1),
(261, '1709', '09', '1709', '1', '10', 27.86, '2', 3562844, 'north', '-3', 1),
(262, '1710', '10', '1710', '1', '10', 27.97, '1', 3562844, 'north', '-3', 1),
(263, '1711', '11', '1711', '1', '10', 27.86, '2', 3592844, 'north', '-3', 1),
(264, '1712', '12', '1712', '1', '10', 31.91, '8', 4107616, 'north', '-3', 1),
(265, '1713', '13', '1713', '1', '10', 31.91, '8', 4107616, 'north', '-3', 1),
(266, '1714', '14', '1714', '1', '10', 31.91, '8', 4107616, 'north', '-3', 1),
(267, '1715', '15', '1715', '1', '10', 48.59, '13', 6179212, 'north', '-3', 1),
(268, '1716', '16', '1716', '1', '10', 48.76, '15', 6622212, 'south', '177', 1),
(269, '1717', '17', '1717', '1', '10', 27.84, '3', 3888844, 'south', '177', 1),
(270, '1718', '18', '1718', '1', '10', 31.67, '11', 4481616, 'south', '177', 1),
(271, '1719', '19', '1719', '1', '10', 27.95, '4', 3658844, 'south', '177', 1),
(272, '1720', '20', '1720', '1', '10', 27.84, '3', 3858844, 'south', '177', 1),
(273, '1721', '21', '1721', '1', '10', 31.89, '10', 4431616, 'south', '177', 1),
(274, '1722', '22', '1722', '1', '10', 31.92, '9', 4431616, 'south', '177', 1),
(275, '1723', '23', '1723', '1', '10', 31.92, '9', 4431616, 'south', '177', 1),
(276, '1724', '24', '1724', '1', '10', 31.92, '9', 4431616, 'south', '177', 1),
(277, '1725', '25', '1725', '1', '10', 34.31, '12', 4753336, 'south', '177', 1),
(278, '1726', '26', '1726', '1', '10', 34.31, '12', 4753336, 'south', '177', 1),
(279, '1727', '27', '1727', '1', '10', 34.31, '12', 4753336, 'south', '177', 1),
(280, '1728', '28', '1728', '1', '10', 49.13, '14', 6622212, 'south', '177', 1),
(281, '1801', '01', '1801', '1', '11', 31.59, '5', 4223616, 'north', '42', 2),
(282, '1802', '02', '1802', '1', '11', 31.64, '6', 4173616, 'north', '-3', 2),
(283, '1803', '03', '1803', '1', '11', 31.95, '7', 4173616, 'north', '-3', 2),
(284, '1804', '04', '1804', '1', '11', 27.97, '1', 3576844, 'north', '-3', 2),
(285, '1805', '05', '1805', '1', '11', 27.86, '2', 3576844, 'north', '-3', 2),
(286, '1806', '06', '1806', '1', '11', 27.97, '1', 3576844, 'north', '-3', 2),
(287, '1807', '07', '1807', '1', '11', 27.86, '2', 3576844, 'north', '-3', 2),
(288, '1808', '08', '1808', '1', '11', 27.97, '1', 3576844, 'north', '-3', 2),
(289, '1809', '09', '1809', '1', '11', 27.86, '2', 3576844, 'north', '-3', 2),
(290, '1810', '10', '1810', '1', '11', 27.97, '1', 3576844, 'north', '-3', 2),
(291, '1811', '11', '1811', '1', '11', 27.86, '2', 3606844, 'north', '-3', 2),
(292, '1812', '12', '1812', '1', '11', 31.91, '8', 4123616, 'north', '-3', 2),
(293, '1813', '13', '1813', '1', '11', 31.91, '8', 4123616, 'north', '-3', 2),
(294, '1814', '14', '1814', '1', '11', 31.91, '8', 4123616, 'north', '-3', 2),
(295, '1815', '18', '1818', '1', '11', 48.59, '13', 6204212, 'north', '-3', 2),
(296, '1816', '16', '1816', '1', '11', 48.76, '6', 6647212, 'south', '177', 2),
(297, '1817', '17', '1817', '1', '11', 27.84, '3', 3902844, 'south', '177', 2),
(298, '1818', '18', '1818', '1', '11', 31.67, '11', 4497616, 'south', '177', 2),
(299, '1819', '19', '1819', '1', '11', 27.95, '4', 3672844, 'south', '177', 2),
(300, '1820', '20', '1820', '1', '11', 27.84, '3', 3872844, 'south', '177', 2),
(301, '1821', '21', '1821', '1', '11', 31.89, '10', 4447616, 'south', '177', 2),
(302, '1822', '22', '1822', '1', '11', 31.92, '9', 4447616, 'south', '177', 2),
(303, '1823', '23', '1823', '1', '11', 31.92, '9', 4447616, 'south', '177', 2),
(304, '1824', '24', '1824', '1', '11', 31.92, '9', 4447616, 'south', '177', 2),
(305, '1825', '25', '1825', '1', '11', 34.31, '12', 4770336, 'south', '177', 2),
(306, '1826', '26', '1826', '1', '11', 34.31, '12', 4770336, 'south', '177', 2),
(307, '1827', '27', '1827', '1', '11', 34.31, '12', 4770336, 'south', '177', 2),
(308, '1828', '28', '1828', '1', '11', 49.13, '14', 6647212, 'south', '177', 2),
(309, '1901', '01', '1901', '1', '12', 31.59, '5', 4235616, 'north', '42', 1),
(310, '1902', '02', '1902', '1', '12', 31.64, '6', 4185616, 'north', '-3', 1),
(311, '1903', '03', '1903', '1', '12', 31.95, '7', 4185616, 'north', '-3', 1),
(312, '1904', '04', '1904', '1', '12', 27.97, '1', 3587844, 'north', '-3', 1),
(313, '1905', '05', '1905', '1', '12', 27.86, '2', 3587844, 'north', '-3', 1),
(314, '1906', '06', '1906', '1', '12', 27.97, '1', 3587844, 'north', '-3', 1),
(315, '1907', '07', '1907', '1', '12', 27.86, '2', 3587844, 'north', '-3', 1),
(316, '1908', '08', '1908', '1', '12', 27.97, '1', 3587844, 'north', '-3', 1),
(317, '1909', '09', '1909', '1', '12', 27.86, '2', 3587844, 'north', '-3', 1),
(318, '1910', '10', '1910', '1', '12', 27.97, '1', 3587844, 'north', '-3', 1),
(319, '1911', '11', '1911', '1', '12', 27.86, '2', 3617844, 'north', '-3', 1),
(320, '1912', '12', '1912', '1', '12', 31.91, '8', 4135616, 'north', '-3', 1),
(321, '1913', '13', '1913', '1', '12', 31.91, '8', 4135616, 'north', '-3', 1),
(322, '1914', '14', '1914', '1', '12', 31.91, '8', 4135616, 'north', '-3', 1),
(323, '1915', '15', '1915', '1', '12', 48.59, '13', 6224212, 'north', '-3', 1),
(324, '1916', '16', '1916', '1', '12', 48.76, '15', 6667212, 'south', '177', 1),
(325, '1917', '19', '1917', '1', '12', 27.84, '3', 3913844, 'south', '177', 1),
(326, '1918', '18', '1918', '1', '12', 31.67, '11', 4509616, 'south', '177', 1),
(327, '1919', '19', '1919', '1', '12', 27.95, '4', 3683844, 'south', '177', 1),
(328, '1920', '20', '1920', '1', '12', 27.84, '3', 3883844, 'south', '177', 1),
(329, '1921', '21', '1921', '1', '12', 31.89, '10', 4459616, 'south', '177', 1),
(330, '1922', '22', '1922', '1', '12', 31.92, '9', 4459616, 'south', '177', 1),
(331, '1923', '23', '1923', '1', '12', 31.92, '9', 4459616, 'south', '177', 1),
(332, '1924', '24', '1924', '1', '12', 31.92, '9', 4459616, 'south', '177', 1),
(333, '1925', '25', '1925', '1', '12', 34.31, '12', 4784336, 'south', '177', 1),
(334, '1926', '26', '1926', '1', '12', 34.31, '12', 4784336, 'south', '177', 1),
(335, '1927', '27', '1927', '1', '12', 34.31, '12', 4784336, 'south', '177', 1),
(336, '1928', '28', '1928', '1', '12', 49.13, '14', 6667212, 'south', '177', 1),
(337, '2001', '01', '2001', '1', '13', 31.59, '5', 4248616, 'north', '42', 2),
(338, '2002', '02', '2002', '1', '13', 31.64, '6', 4198616, 'north', '-3', 2),
(339, '2003', '03', '2003', '1', '13', 31.95, '7', 4198616, 'north', '-3', 2),
(340, '2004', '04', '2004', '1', '13', 27.97, '1', 3598844, 'north', '-3', 2),
(341, '2005', '05', '2005', '1', '13', 27.86, '2', 3598844, 'north', '-3', 2),
(342, '2006', '06', '2006', '1', '13', 27.97, '1', 3598844, 'north', '-3', 2),
(343, '2007', '07', '2007', '1', '13', 27.86, '2', 3598844, 'north', '-3', 2),
(344, '2008', '08', '2008', '1', '13', 27.97, '1', 3598844, 'north', '-3', 2),
(345, '2009', '09', '2009', '1', '13', 27.86, '2', 3598844, 'north', '-3', 2),
(346, '2010', '10', '2010', '1', '13', 27.97, '1', 3598844, 'north', '-3', 2),
(347, '2011', '11', '2011', '1', '13', 27.86, '2', 3628844, 'north', '-3', 2),
(348, '2012', '12', '2012', '1', '13', 31.91, '8', 4148616, 'north', '-3', 2),
(349, '2013', '13', '2013', '1', '13', 31.91, '8', 4148616, 'north', '-3', 2),
(350, '2014', '14', '2014', '1', '13', 31.91, '8', 4148616, 'north', '-3', 2),
(351, '2015', '15', '2015', '1', '13', 48.59, '13', 6243212, 'north', '-3', 2),
(352, '2016', '16', '2016', '1', '13', 48.76, '15', 6686212, 'south', '177', 2),
(353, '2017', '20', '2017', '1', '13', 27.84, '3', 3924844, 'south', '177', 2),
(354, '2018', '18', '2018', '1', '13', 31.67, '11', 4522616, 'south', '177', 2),
(355, '2019', '19', '2019', '1', '13', 27.95, '4', 3694844, 'south', '177', 2),
(356, '2020', '20', '2020', '1', '13', 27.84, '3', 3894844, 'south', '177', 2),
(357, '2021', '21', '2021', '1', '13', 31.89, '10', 4472616, 'south', '177', 2),
(358, '2022', '22', '2022', '1', '13', 31.92, '9', 4472616, 'south', '177', 2),
(359, '2023', '23', '2023', '1', '13', 31.92, '9', 4472616, 'south', '177', 2),
(360, '2024', '24', '2024', '1', '13', 31.92, '9', 4472616, 'south', '177', 2),
(361, '2025', '25', '2025', '1', '13', 34.31, '12', 4798336, 'south', '177', 2),
(362, '2026', '26', '2026', '1', '13', 34.31, '12', 4798336, 'south', '177', 2),
(363, '2027', '27', '2027', '1', '13', 34.31, '12', 4798336, 'south', '177', 2),
(364, '2028', '28', '2028', '1', '13', 49.13, '14', 6686212, 'south', '177', 2),
(365, '2101', '01', '2101', '1', '17', 31.59, '5', 4485616, 'north', '42', 1),
(366, '2102', '02', '2102', '1', '17', 31.64, '6', 4435616, 'north', '-3', 1),
(367, '2103', '03', '2103', '1', '17', 31.95, '7', 4435616, 'north', '-3', 1),
(368, '2104', '04', '2104', '1', '17', 27.97, '1', 3805844, 'north', '-3', 1),
(369, '2105', '05', '2105', '1', '17', 27.86, '2', 3805844, 'north', '-3', 1),
(370, '2106', '06', '2106', '1', '17', 27.97, '1', 3805844, 'north', '-3', 1),
(371, '2107', '07', '2107', '1', '17', 27.86, '2', 3805844, 'north', '-3', 1),
(372, '2108', '08', '2108', '1', '17', 27.97, '1', 3805844, 'north', '-3', 1),
(373, '2109', '09', '2109', '1', '17', 27.86, '2', 3805844, 'north', '-3', 1),
(374, '2110', '10', '2110', '1', '17', 27.97, '1', 3805844, 'north', '-3', 1),
(375, '2111', '11', '2111', '1', '17', 27.86, '2', 3835844, 'north', '-3', 1),
(376, '2112', '12', '2112', '1', '17', 31.91, '8', 4385616, 'north', '-3', 1),
(377, '2113', '13', '2113', '1', '17', 31.91, '8', 4385616, 'north', '-3', 1),
(378, '2114', '14', '2114', '1', '17', 31.91, '8', 4385616, 'north', '-3', 1),
(379, '2115', '15', '2115', '1', '17', 48.59, '13', 6606212, 'north', '-3', 1),
(380, '2116', '16', '2116', '1', '17', 48.76, '15', 6706212, 'south', '177', 1),
(381, '2117', '21', '2117', '1', '17', 27.84, '3', 3935844, 'south', '177', 1),
(382, '2118', '18', '2118', '1', '17', 31.67, '11', 4535616, 'south', '177', 1),
(383, '2119', '19', '2119', '1', '17', 27.95, '4', 3705844, 'south', '177', 1),
(384, '2120', '21', '2120', '1', '17', 27.84, '3', 3905844, 'south', '177', 1),
(385, '2121', '21', '2121', '1', '17', 31.89, '10', 4485616, 'south', '177', 1),
(386, '2122', '21', '2122', '1', '17', 31.92, '9', 4485616, 'south', '177', 1),
(387, '2123', '23', '2123', '1', '17', 31.92, '9', 4485616, 'south', '177', 1),
(388, '2124', '24', '2124', '1', '17', 31.92, '9', 4485616, 'south', '177', 1),
(389, '2125', '25', '2125', '1', '17', 34.31, '12', 4811336, 'south', '177', 1),
(390, '2126', '26', '2126', '1', '17', 34.31, '12', 4811336, 'south', '177', 1),
(391, '2127', '27', '2127', '1', '17', 34.31, '12', 4811336, 'south', '177', 1),
(392, '2128', '28', '2128', '1', '17', 49.13, '14', 6706212, 'south', '177', 1),
(393, '2201', '01', '2201', '1', '18', 31.59, '5', 4498616, 'north', '42', 1),
(394, '2202', '02', '2202', '1', '18', 31.64, '6', 4448616, 'north', '-3', 1),
(395, '2203', '03', '2203', '1', '18', 31.95, '7', 4448616, 'north', '-3', 1),
(396, '2204', '04', '2204', '1', '18', 27.97, '1', 3816844, 'north', '-3', 1),
(397, '2205', '05', '2205', '1', '18', 27.86, '2', 3816844, 'north', '-3', 1),
(398, '2206', '06', '2206', '1', '18', 27.97, '1', 3816844, 'north', '-3', 1),
(399, '2207', '07', '2207', '1', '18', 27.86, '2', 3816844, 'north', '-3', 1),
(400, '2208', '08', '2208', '1', '18', 27.97, '1', 3816844, 'north', '-3', 1),
(401, '2209', '09', '2209', '1', '18', 27.86, '2', 3816844, 'north', '-3', 1),
(402, '2210', '10', '2210', '1', '18', 27.97, '1', 3816844, 'north', '-3', 1),
(403, '2211', '11', '2211', '1', '18', 27.86, '2', 3846844, 'north', '-3', 1),
(404, '2212', '12', '2212', '1', '18', 31.91, '8', 4398616, 'north', '-3', 1),
(405, '2213', '13', '2213', '1', '18', 31.91, '8', 4398616, 'north', '-3', 1),
(406, '2214', '14', '2214', '1', '18', 31.91, '8', 4398616, 'north', '-3', 1),
(407, '2215', '15', '2215', '1', '18', 48.59, '13', 6625212, 'north', '-3', 1),
(408, '2216', '16', '2216', '1', '18', 48.76, '15', 6725212, 'south', '177', 1),
(409, '2217', '22', '2217', '1', '18', 27.84, '3', 3946844, 'south', '177', 1),
(410, '2218', '18', '2218', '1', '18', 31.67, '11', 4548616, 'south', '177', 1),
(411, '2219', '19', '2219', '1', '18', 27.95, '4', 3716844, 'south', '177', 1),
(412, '2220', '22', '2220', '1', '18', 27.84, '3', 3916844, 'south', '177', 1),
(413, '2221', '21', '2221', '1', '18', 31.89, '10', 4498616, 'south', '177', 1),
(414, '2222', '22', '2222', '1', '18', 31.92, '9', 4498616, 'south', '177', 1),
(415, '2223', '22', '2223', '1', '18', 31.92, '9', 4498616, 'south', '177', 1),
(416, '2224', '24', '2224', '1', '18', 31.92, '9', 4498616, 'south', '177', 1),
(417, '2225', '25', '2225', '1', '18', 34.31, '12', 4825336, 'south', '177', 1),
(418, '2226', '26', '2226', '1', '18', 34.31, '12', 4825336, 'south', '177', 1),
(419, '2227', '27', '2227', '1', '18', 34.31, '12', 4825336, 'south', '177', 1),
(420, '2228', '28', '2228', '1', '18', 49.13, '14', 6725212, 'south', '177', 1),
(421, '2301', '01', '2301', '1', '19', 31.59, '5', 4511616, 'north', '42', 1),
(422, '2302', '02', '2302', '1', '19', 31.64, '6', 4461616, 'north', '-3', 1),
(423, '2303', '03', '2303', '1', '19', 31.95, '7', 4461616, 'north', '-3', 1),
(424, '2304', '04', '2304', '1', '19', 27.97, '1', 3828844, 'north', '-3', 1),
(425, '2305', '05', '2305', '1', '19', 27.86, '2', 3828844, 'north', '-3', 1),
(426, '2306', '06', '2306', '1', '19', 27.97, '1', 3828844, 'north', '-3', 1),
(427, '2307', '07', '2307', '1', '19', 27.86, '2', 3828844, 'north', '-3', 1),
(428, '2308', '08', '2308', '1', '19', 27.97, '1', 3828844, 'north', '-3', 1),
(429, '2309', '09', '2309', '1', '19', 27.86, '2', 3828844, 'north', '-3', 1),
(430, '2310', '10', '2310', '1', '19', 27.97, '1', 3828844, 'north', '-3', 1),
(431, '2311', '11', '2311', '1', '19', 27.86, '2', 3858844, 'north', '-3', 1),
(432, '2312', '12', '2312', '1', '19', 31.91, '8', 4411616, 'north', '-3', 1),
(433, '2313', '13', '2313', '1', '19', 31.91, '8', 4411616, 'north', '-3', 1),
(434, '2314', '14', '2314', '1', '19', 31.91, '8', 4411616, 'north', '-3', 1),
(435, '2315', '15', '2315', '1', '19', 48.59, '13', 6645212, 'north', '-3', 1),
(436, '2316', '16', '2316', '1', '19', 48.76, '15', 6745212, 'south', '177', 1),
(437, '2317', '23', '2317', '1', '19', 27.84, '3', 3958844, 'south', '177', 1),
(438, '2318', '18', '2318', '1', '19', 31.67, '11', 4561616, 'south', '177', 1),
(439, '2319', '19', '2319', '1', '19', 27.95, '4', 3728844, 'south', '177', 1),
(440, '2320', '23', '2320', '1', '19', 27.84, '3', 3928844, 'south', '177', 1),
(441, '2321', '21', '2321', '1', '19', 31.89, '10', 4511616, 'south', '177', 1),
(442, '2322', '23', '2322', '1', '19', 31.92, '9', 4511616, 'south', '177', 1),
(443, '2323', '23', '2323', '1', '19', 31.92, '9', 4511616, 'south', '177', 1),
(444, '2324', '24', '2324', '1', '19', 31.92, '9', 4511616, 'south', '177', 1),
(445, '2325', '25', '2325', '1', '19', 34.31, '12', 4839336, 'south', '177', 1),
(446, '2326', '26', '2326', '1', '19', 34.31, '12', 4839336, 'south', '177', 1),
(447, '2327', '27', '2327', '1', '19', 34.31, '12', 4839336, 'south', '177', 1),
(448, '2328', '28', '2328', '1', '19', 49.13, '14', 6745212, 'south', '177', 1),
(449, '2401', '01', '2401', '1', '20', 31.59, '5', 4511616, 'north', '42', 1),
(450, '2402', '02', '2402', '1', '20', 31.64, '6', 4461616, 'north', '-3', 1),
(451, '2403', '03', '2403', '1', '20', 31.95, '7', 4461616, 'north', '-3', 1),
(452, '2404', '04', '2404', '1', '20', 27.97, '1', 3828844, 'north', '-3', 1),
(453, '2405', '05', '2405', '1', '20', 27.86, '2', 3828844, 'north', '-3', 1),
(454, '2406', '06', '2406', '1', '20', 27.97, '1', 3828844, 'north', '-3', 1),
(455, '2407', '07', '2407', '1', '20', 27.86, '2', 3828844, 'north', '-3', 1),
(456, '2408', '08', '2408', '1', '20', 27.97, '1', 3828844, 'north', '-3', 1),
(457, '2409', '09', '2409', '1', '20', 27.86, '2', 3828844, 'north', '-3', 1),
(458, '2410', '10', '2410', '1', '20', 27.97, '1', 3828844, 'north', '-3', 1),
(459, '2411', '11', '2411', '1', '20', 27.86, '2', 3858844, 'north', '-3', 1),
(460, '2419', '19', '2419', '1', '20', 27.95, '4', 3812844, 'south', '177', 1),
(461, '2420', '20', '2420', '1', '20', 27.84, '3', 3928844, 'south', '177', 1),
(462, '2421', '21', '2421', '1', '20', 31.89, '10', 4511616, 'south', '177', 1),
(463, '2422', '24', '2422', '1', '20', 31.92, '9', 4511616, 'south', '177', 1),
(464, '2423', '24', '2423', '1', '20', 31.92, '9', 4511616, 'south', '177', 1),
(465, '2424', '24', '2424', '1', '20', 31.92, '9', 4511616, 'south', '177', 1),
(466, '2425', '25', '2425', '1', '20', 34.31, '12', 4839336, 'south', '177', 1),
(467, '2426', '26', '2426', '1', '20', 34.31, '12', 4839336, 'south', '177', 1),
(468, '2427', '27', '2427', '1', '20', 34.31, '12', 4839336, 'south', '177', 1),
(469, '2428', '28', '2428', '1', '20', 49.13, '14', 6745212, 'south', '177', 1),
(470, '2501', '01', '2501', '1', '21', 31.59, '5', 4619616, 'north', '42', 1),
(471, '2502', '02', '2502', '1', '21', 31.64, '6', 4569616, 'north', '-3', 1),
(472, '2503', '03', '2503', '1', '21', 31.95, '7', 4569616, 'north', '-3', 1),
(473, '2504', '04', '2504', '1', '21', 27.97, '1', 3923844, 'north', '-3', 1),
(474, '2505', '05', '2505', '1', '21', 27.86, '2', 3923844, 'north', '-3', 1),
(475, '2506', '06', '2506', '1', '21', 27.97, '1', 3923844, 'north', '-3', 1),
(476, '2507', '07', '2507', '1', '21', 27.86, '2', 3923844, 'north', '-3', 1),
(477, '2508', '08', '2508', '1', '21', 27.97, '1', 3923844, 'north', '-3', 1),
(478, '2509', '09', '2509', '1', '21', 27.86, '2', 3923844, 'north', '-3', 1),
(479, '2510', '10', '2510', '1', '21', 27.97, '1', 3923844, 'north', '-3', 1),
(480, '2511', '11', '2511', '1', '21', 27.86, '2', 3953844, 'north', '-3', 1),
(481, '2519', '19', '2519', '1', '21', 27.95, '4', 3823844, 'south', '177', 1),
(482, '2520', '20', '2520', '1', '21', 27.84, '3', 4023844, 'south', '177', 1),
(483, '2521', '21', '2521', '1', '21', 31.89, '10', 4619616, 'south', '177', 1),
(484, '2522', '22', '2522', '1', '21', 31.92, '9', 4619616, 'south', '177', 1),
(485, '2523', '23', '2523', '1', '21', 31.92, '9', 4619616, 'south', '177', 1),
(486, '2524', '24', '2524', '1', '21', 31.92, '9', 4619616, 'south', '177', 1),
(487, '2525', '25', '2525', '1', '21', 34.31, '12', 4956336, 'south', '177', 1),
(488, '2526', '26', '2526', '1', '21', 34.31, '12', 4956336, 'south', '177', 1),
(489, '2527', '27', '2527', '1', '21', 34.31, '12', 4956336, 'south', '177', 1),
(490, '2528', '28', '2428', '1', '21', 49.13, '14', 6912212, 'south', '177', 1),
(491, '2601', '01', '2601', '1', '22', 31.59, '5', 4632616, 'north', '42', 1),
(492, '2602', '02', '2602', '1', '22', 31.64, '6', 4582616, 'north', '-3', 1),
(493, '2603', '03', '2603', '1', '22', 31.95, '7', 4582616, 'north', '-3', 1),
(494, '2604', '04', '2604', '1', '22', 27.97, '1', 3934844, 'north', '-3', 1),
(495, '2605', '05', '2605', '1', '22', 27.86, '2', 3934844, 'north', '-3', 1),
(496, '2606', '06', '2606', '1', '22', 27.97, '1', 3934844, 'north', '-3', 1),
(497, '2607', '07', '2607', '1', '22', 27.86, '2', 3934844, 'north', '-3', 1),
(498, '2608', '08', '2608', '1', '22', 27.97, '1', 3934844, 'north', '-3', 1),
(499, '2609', '09', '2609', '1', '22', 27.86, '2', 3934844, 'north', '-3', 1),
(500, '2610', '10', '2610', '1', '22', 27.97, '1', 3934844, 'north', '-3', 1),
(501, '2611', '11', '2611', '1', '22', 27.86, '2', 3964844, 'north', '-3', 1),
(502, '2619', '19', '2619', '1', '22', 27.95, '4', 3834844, 'south', '177', 1),
(503, '2620', '20', '2620', '1', '22', 27.84, '3', 4034844, 'south', '177', 1),
(504, '2621', '21', '2621', '1', '22', 31.89, '10', 4632616, 'south', '177', 1),
(505, '2622', '22', '2622', '1', '22', 31.92, '9', 4632616, 'south', '177', 1),
(506, '2623', '23', '2623', '1', '22', 31.92, '9', 4632616, 'south', '177', 1),
(507, '2624', '24', '2624', '1', '22', 31.92, '9', 4632616, 'south', '177', 1),
(508, '2625', '25', '2625', '1', '22', 34.31, '12', 4970336, 'south', '177', 1),
(509, '2626', '26', '2626', '1', '22', 34.31, '12', 4970336, 'south', '177', 1),
(510, '2627', '27', '2627', '1', '22', 34.31, '12', 4970336, 'south', '177', 1),
(511, '2628', '28', '2428', '1', '22', 49.13, '14', 6931212, 'south', '177', 1),
(512, '2701', '01', '2701', '1', '23', 31.59, '5', 4645616, 'north', '42', 1),
(513, '2702', '02', '2702', '1', '23', 31.64, '6', 4595616, 'north', '-3', 1),
(514, '2703', '03', '2703', '1', '23', 31.95, '7', 4595616, 'north', '-3', 1),
(515, '2704', '04', '2704', '1', '23', 27.97, '1', 3945844, 'north', '-3', 1),
(516, '2705', '05', '2705', '1', '23', 27.86, '2', 3945844, 'north', '-3', 1),
(517, '2706', '06', '2706', '1', '23', 27.97, '1', 3945844, 'north', '-3', 1),
(518, '2707', '07', '2707', '1', '23', 27.86, '2', 3945844, 'north', '-3', 1),
(519, '2708', '08', '2708', '1', '23', 27.97, '1', 3945844, 'north', '-3', 1),
(520, '2709', '09', '2709', '1', '23', 27.86, '2', 3945844, 'north', '-3', 1),
(521, '2710', '10', '2710', '1', '23', 27.97, '1', 3945844, 'north', '-3', 1),
(522, '2711', '11', '2711', '1', '23', 27.86, '2', 3975844, 'north', '-3', 1),
(523, '2719', '19', '2719', '1', '23', 27.95, '4', 3845844, 'south', '177', 1),
(524, '2720', '20', '2720', '1', '23', 27.84, '3', 4045844, 'south', '177', 1),
(525, '2721', '21', '2721', '1', '23', 31.89, '10', 4645616, 'south', '177', 1),
(526, '2722', '22', '2722', '1', '23', 31.92, '9', 4645616, 'south', '177', 1),
(527, '2723', '23', '2723', '1', '23', 31.92, '9', 4645616, 'south', '177', 1),
(528, '2724', '24', '2724', '1', '23', 31.92, '9', 4645616, 'south', '177', 1),
(529, '2725', '25', '2725', '1', '23', 34.31, '12', 4984336, 'south', '177', 1),
(530, '2726', '26', '2727', '1', '23', 34.31, '12', 4984336, 'south', '177', 1),
(531, '2727', '27', '2727', '1', '23', 34.31, '12', 4984336, 'south', '177', 1),
(532, '2728', '28', '2728', '1', '23', 49.13, '14', 6951212, 'south', '177', 1),
(533, '2801', '01', '2801', '1', '24', 31.59, '5', 4655616, 'north', '42', 2),
(534, '2802', '02', '2802', '1', '24', 31.64, '6', 4605616, 'north', '-3', 2),
(535, '2803', '03', '2803', '1', '24', 31.95, '7', 4605616, 'north', '-3', 2),
(536, '2804', '04', '2804', '1', '24', 27.97, '1', 3954844, 'north', '-3', 2),
(537, '2805', '05', '2805', '1', '24', 27.86, '2', 3954844, 'north', '-3', 2),
(538, '2806', '06', '2806', '1', '24', 27.97, '1', 3954844, 'north', '-3', 2),
(539, '2807', '07', '2807', '1', '24', 27.86, '2', 3954844, 'north', '-3', 2),
(540, '2808', '08', '2808', '1', '24', 27.97, '1', 3954844, 'north', '-3', 2),
(541, '2809', '09', '2809', '1', '24', 27.86, '2', 3954844, 'north', '-3', 2),
(542, '2810', '10', '2810', '1', '24', 27.97, '1', 3954844, 'north', '-3', 2),
(543, '2811', '11', '2811', '1', '24', 27.86, '2', 3984844, 'north', '-3', 2),
(544, '2819', '19', '2819', '1', '24', 27.95, '4', 3854844, 'south', '177', 2),
(545, '2820', '20', '2820', '1', '24', 27.84, '3', 4054844, 'south', '177', 2),
(546, '2821', '21', '2821', '1', '24', 31.89, '10', 4655616, 'south', '177', 2),
(547, '2822', '22', '2822', '1', '24', 31.92, '9', 4655616, 'south', '177', 2),
(548, '2823', '23', '2823', '1', '24', 31.92, '9', 4655616, 'south', '177', 2),
(549, '2824', '24', '2824', '1', '24', 31.92, '9', 4655616, 'south', '177', 2),
(550, '2825', '25', '2825', '1', '24', 34.31, '12', 4994336, 'south', '177', 2),
(551, '2826', '26', '2827', '1', '24', 34.31, '12', 4994336, 'south', '177', 2),
(552, '2827', '27', '2827', '1', '24', 34.31, '12', 4994336, 'south', '177', 2),
(553, '2828', '28', '2828', '1', '24', 49.13, '14', 6965212, 'south', '177', 2),
(554, '2901', '01', '2901', '1', '25', 31.59, '5', 4664616, 'north', '42', 2),
(555, '2902', '02', '2902', '1', '25', 31.64, '6', 4614616, 'north', '-3', 2),
(556, '2903', '03', '2903', '1', '25', 31.95, '7', 4614616, 'north', '-3', 2),
(557, '2904', '04', '2904', '1', '25', 27.97, '1', 3962844, 'north', '-3', 2),
(558, '2905', '05', '2905', '1', '25', 27.86, '2', 3962844, 'north', '-3', 2),
(559, '2906', '06', '2906', '1', '25', 27.97, '1', 3962844, 'north', '-3', 2),
(560, '2907', '07', '2907', '1', '25', 27.86, '2', 3962844, 'north', '-3', 2),
(561, '2908', '08', '2908', '1', '25', 27.97, '1', 3962844, 'north', '-3', 2),
(562, '2909', '09', '2909', '1', '25', 27.86, '2', 3962844, 'north', '-3', 2),
(563, '2910', '10', '2910', '1', '25', 27.97, '1', 3962844, 'north', '-3', 2),
(564, '2911', '11', '2911', '1', '25', 27.86, '2', 3992844, 'north', '-3', 2),
(565, '2919', '19', '2919', '1', '25', 27.95, '4', 3862844, 'south', '177', 2),
(566, '2920', '20', '2920', '1', '25', 27.84, '3', 4062844, 'south', '177', 2),
(567, '2921', '21', '2921', '1', '25', 31.89, '10', 4664616, 'south', '177', 2),
(568, '2922', '22', '2922', '1', '25', 31.92, '9', 4664616, 'south', '177', 2),
(569, '2923', '23', '2923', '1', '25', 31.92, '9', 4664616, 'south', '177', 2),
(570, '2924', '24', '2924', '1', '25', 31.92, '9', 4664616, 'south', '177', 2),
(571, '2925', '25', '2925', '1', '25', 34.31, '12', 5005336, 'south', '177', 2),
(572, '2926', '26', '2927', '1', '25', 34.31, '12', 5005336, 'south', '177', 2),
(573, '2927', '27', '2927', '1', '25', 34.31, '12', 5005336, 'south', '177', 2),
(574, '2928', '28', '2928', '1', '25', 49.13, '14', 6980212, 'south', '177', 2),
(575, '3001', '01', '3001', '1', '26', 31.59, '5', 4674616, 'north', '42', 2),
(576, '3002', '02', '3002', '1', '26', 31.64, '6', 4624616, 'north', '-3', 2),
(577, '3003', '03', '3003', '1', '26', 31.95, '7', 4624616, 'north', '-3', 2),
(578, '3004', '04', '3004', '1', '26', 27.97, '1', 3970844, 'north', '-3', 2),
(579, '3005', '05', '3005', '1', '26', 27.86, '2', 3970844, 'north', '-3', 2),
(580, '3006', '06', '3006', '1', '26', 27.97, '1', 3970844, 'north', '-3', 2),
(581, '3007', '07', '3007', '1', '26', 27.86, '2', 3970844, 'north', '-3', 2),
(582, '3008', '08', '3008', '1', '26', 27.97, '1', 3970844, 'north', '-3', 2),
(583, '3009', '09', '3009', '1', '26', 27.86, '2', 3970844, 'north', '-3', 2),
(584, '3010', '10', '3010', '1', '26', 27.97, '1', 3970844, 'north', '-3', 2),
(585, '3011', '11', '3011', '1', '26', 27.86, '2', 4000844, 'north', '-3', 2),
(586, '3019', '19', '3019', '1', '26', 27.95, '4', 3870844, 'south', '177', 2),
(587, '3020', '20', '3020', '1', '26', 27.84, '3', 4070844, 'south', '177', 2),
(588, '3021', '21', '3021', '1', '26', 31.89, '10', 4674616, 'south', '177', 2),
(589, '3022', '22', '3022', '1', '26', 31.92, '9', 4674616, 'south', '177', 2),
(590, '3023', '23', '3023', '1', '26', 31.92, '9', 4674616, 'south', '177', 2),
(591, '3024', '24', '3024', '1', '26', 31.92, '9', 4674616, 'south', '177', 2),
(592, '3025', '25', '3025', '1', '26', 34.31, '12', 5015336, 'south', '177', 2),
(593, '3026', '26', '3027', '1', '26', 34.31, '12', 5015336, 'south', '177', 2),
(594, '3027', '27', '3027', '1', '26', 34.31, '12', 5015336, 'south', '177', 2),
(595, '3028', '28', '3028', '1', '26', 49.13, '14', 6995212, 'south', '177', 2),
(596, '3101', '01', '3101', '1', '27', 31.59, '5', 4683616, 'north', '42', 2),
(597, '3102', '02', '3102', '1', '27', 31.64, '6', 4633616, 'north', '-3', 2),
(598, '3103', '03', '3103', '1', '27', 31.95, '7', 4633616, 'north', '-3', 2),
(599, '3104', '04', '3104', '1', '27', 27.97, '1', 3979844, 'north', '-3', 2),
(600, '3105', '05', '3105', '1', '27', 27.86, '2', 3979844, 'north', '-3', 2),
(601, '3106', '06', '3106', '1', '27', 27.97, '1', 3979844, 'north', '-3', 2),
(602, '3107', '07', '3107', '1', '27', 27.86, '2', 3979844, 'north', '-3', 2),
(603, '3108', '08', '3108', '1', '27', 27.97, '1', 3979844, 'north', '-3', 2),
(604, '3109', '09', '3109', '1', '27', 27.86, '2', 3979844, 'north', '-3', 2),
(605, '3110', '10', '3110', '1', '27', 27.97, '1', 3979844, 'north', '-3', 2),
(606, '3111', '11', '3111', '1', '27', 27.86, '2', 4009844, 'north', '-3', 2),
(607, '3119', '19', '3119', '1', '27', 27.95, '4', 3879844, 'south', '177', 2),
(608, '3120', '20', '3120', '1', '27', 27.84, '3', 4079844, 'south', '177', 2),
(609, '3121', '21', '3121', '1', '27', 31.89, '10', 4683616, 'south', '177', 2),
(610, '3122', '22', '3122', '1', '27', 31.92, '9', 4683616, 'south', '177', 2),
(611, '3123', '23', '3123', '1', '27', 31.92, '9', 4683616, 'south', '177', 2),
(612, '3124', '24', '3124', '1', '27', 31.92, '9', 4683616, 'south', '177', 2),
(613, '3125', '25', '3125', '1', '27', 34.31, '12', 5025336, 'south', '177', 2),
(614, '3126', '26', '3127', '1', '27', 34.31, '12', 5025336, 'south', '177', 2),
(615, '3127', '27', '3127', '1', '27', 34.31, '12', 5025336, 'south', '177', 2),
(616, '3128', '28', '3128', '1', '27', 49.13, '14', 7010212, 'south', '177', 2),
(617, '3201', '01', '3201', '1', '28', 31.59, '5', 4693616, 'north', '42', 2),
(618, '3202', '02', '3202', '1', '28', 31.64, '6', 4643616, 'north', '-3', 2),
(619, '3203', '03', '3203', '1', '28', 31.95, '7', 4643616, 'north', '-3', 2),
(620, '3204', '04', '3204', '1', '28', 27.97, '1', 3987844, 'north', '-3', 2),
(621, '3205', '05', '3205', '1', '28', 27.86, '2', 3987844, 'north', '-3', 2),
(622, '3206', '06', '3206', '1', '28', 27.97, '1', 3987844, 'north', '-3', 2),
(623, '3207', '07', '3207', '1', '28', 27.86, '2', 3987844, 'north', '-3', 2),
(624, '3208', '08', '3208', '1', '28', 27.97, '1', 3987844, 'north', '-3', 2),
(625, '3209', '09', '3209', '1', '28', 27.86, '2', 3987844, 'north', '-3', 2),
(626, '3210', '10', '3210', '1', '28', 27.97, '1', 3987844, 'north', '-3', 2),
(627, '3211', '11', '3211', '1', '28', 27.86, '2', 4017844, 'north', '-3', 2),
(628, '3219', '19', '3219', '1', '28', 27.95, '4', 3887844, 'south', '177', 2),
(629, '3220', '20', '3220', '1', '28', 27.84, '3', 4087844, 'south', '177', 2),
(630, '3221', '21', '3221', '1', '28', 31.89, '10', 4693616, 'south', '177', 2),
(631, '3222', '22', '3222', '1', '28', 31.92, '9', 4693616, 'south', '177', 2),
(632, '3223', '23', '3223', '1', '28', 31.92, '9', 4693616, 'south', '177', 2),
(633, '3224', '24', '3224', '1', '28', 31.92, '9', 4693616, 'south', '177', 2),
(634, '3225', '25', '3225', '1', '28', 34.31, '12', 5036336, 'south', '177', 2),
(635, '3226', '26', '3227', '1', '28', 34.31, '12', 5036336, 'south', '177', 2),
(636, '3227', '27', '3227', '1', '28', 34.31, '12', 5036336, 'south', '177', 2),
(637, '3228', '28', '3228', '1', '28', 49.13, '14', 7024212, 'south', '177', 2),
(638, '3301', '01', '3301', '1', '29', 31.59, '5', 4664400, 'north', '42', 2),
(639, '3302', '02', '3302', '1', '29', 31.64, '6', 4614400, 'north', '-3', 2),
(640, '3303', '03', '3303', '1', '29', 31.95, '7', 4614400, 'north', '-3', 2),
(641, '3304', '04', '3304', '1', '29', 27.97, '1', 3962600, 'north', '-3', 2),
(642, '3305', '05', '3305', '1', '29', 27.86, '2', 3962600, 'north', '-3', 2),
(643, '3306', '06', '3306', '1', '29', 27.97, '1', 3962600, 'north', '-3', 2),
(644, '3307', '07', '3307', '1', '29', 27.86, '2', 3962600, 'north', '-3', 2),
(645, '3308', '08', '3308', '1', '29', 27.97, '1', 3962600, 'north', '-3', 2),
(646, '3309', '09', '3309', '1', '29', 27.86, '2', 3962600, 'north', '-3', 2),
(647, '3310', '10', '3310', '1', '29', 27.97, '1', 3962600, 'north', '-3', 2),
(648, '3311', '11', '3311', '1', '29', 27.86, '2', 3992600, 'north', '-3', 2);
INSERT INTO `room` (`id`, `room_code`, `room_no`, `unit_no`, `tower`, `floor`, `size`, `room_type`, `price`, `compass`, `balcony`, `status`) VALUES
(649, '3319', '19', '3319', '1', '29', 27.95, '4', 3862600, 'south', '177', 2),
(650, '3320', '20', '3320', '1', '29', 27.84, '3', 4062600, 'south', '177', 2),
(651, '3321', '21', '3321', '1', '29', 31.89, '10', 4664400, 'south', '177', 2),
(652, '3322', '22', '3322', '1', '29', 31.92, '9', 4664400, 'south', '177', 2),
(653, '3323', '23', '3323', '1', '29', 31.92, '9', 4664400, 'south', '177', 2),
(654, '3324', '24', '3324', '1', '29', 31.92, '9', 4664400, 'south', '177', 2),
(655, '3325', '25', '3325', '1', '29', 34.31, '12', 5005650, 'south', '177', 2),
(656, '3326', '26', '3327', '1', '29', 34.31, '12', 5005650, 'south', '177', 2),
(657, '3327', '27', '3327', '1', '29', 34.31, '12', 5005650, 'south', '177', 2),
(658, '3328', '28', '3328', '1', '29', 49.13, '14', 6982300, 'south', '177', 2),
(659, '3401', '01', '3401', '1', '30', 31.59, '5', 4664400, 'north', '42', 2),
(660, '3402', '02', '3402', '1', '30', 31.64, '6', 4614400, 'north', '-3', 2),
(661, '3403', '03', '3403', '1', '30', 31.95, '7', 4614400, 'north', '-3', 2),
(662, '3404', '04', '3404', '1', '30', 27.97, '1', 3962600, 'north', '-3', 2),
(663, '3405', '05', '3405', '1', '30', 27.86, '2', 3962600, 'north', '-3', 2),
(664, '3406', '06', '3406', '1', '30', 27.97, '1', 3962600, 'north', '-3', 2),
(665, '3407', '07', '3407', '1', '30', 27.86, '2', 3962600, 'north', '-3', 2),
(666, '3408', '08', '3408', '1', '30', 27.97, '1', 3962600, 'north', '-3', 2),
(667, '3409', '09', '3409', '1', '30', 27.86, '2', 3962600, 'north', '-3', 2),
(668, '3410', '10', '3410', '1', '30', 27.97, '1', 3962600, 'north', '-3', 2),
(669, '3411', '11', '3411', '1', '30', 27.86, '2', 3992600, 'north', '-3', 2),
(670, '3419', '19', '3419', '1', '30', 27.95, '4', 3862600, 'south', '177', 2),
(671, '3420', '20', '3420', '1', '30', 27.84, '3', 4062600, 'south', '177', 2),
(672, '3421', '21', '3421', '1', '30', 31.89, '10', 4664400, 'south', '177', 2),
(673, '3422', '22', '3422', '1', '30', 31.92, '9', 4664400, 'south', '177', 2),
(674, '3423', '23', '3423', '1', '30', 31.92, '9', 4664400, 'south', '177', 2),
(675, '3424', '24', '3424', '1', '30', 31.92, '9', 4664400, 'south', '177', 2),
(676, '3425', '25', '3425', '1', '30', 34.31, '12', 5005650, 'south', '177', 2),
(677, '3426', '26', '3427', '1', '30', 34.31, '12', 5005650, 'south', '177', 2),
(678, '3427', '27', '3427', '1', '30', 34.31, '12', 5005650, 'south', '177', 2),
(679, '3428', '28', '3428', '1', '30', 49.13, '14', 6982300, 'south', '177', 2),
(680, '3501', '01', '3501', '1', '31', 31.59, '5', 4664400, 'north', '42', 2),
(681, '3502', '02', '3502', '1', '31', 31.64, '6', 4614400, 'north', '-3', 2),
(682, '3503', '03', '3503', '1', '31', 31.95, '7', 4614400, 'north', '-3', 2),
(683, '3504', '04', '3504', '1', '31', 27.97, '1', 3962600, 'north', '-3', 2),
(684, '3505', '05', '3505', '1', '31', 27.86, '2', 3962600, 'north', '-3', 2),
(685, '3506', '06', '3506', '1', '31', 27.97, '1', 3962600, 'north', '-3', 2),
(686, '3507', '07', '3507', '1', '31', 27.86, '2', 3962600, 'north', '-3', 2),
(687, '3508', '08', '3508', '1', '31', 27.97, '1', 3962600, 'north', '-3', 2),
(688, '3509', '09', '3509', '1', '31', 27.86, '2', 3962600, 'north', '-3', 2),
(689, '3510', '10', '3510', '1', '31', 27.97, '1', 3962600, 'north', '-3', 2),
(690, '3511', '11', '3511', '1', '31', 27.86, '2', 3992600, 'north', '-3', 2),
(691, '3519', '19', '3519', '1', '31', 27.95, '4', 3862600, 'south', '177', 2),
(692, '3520', '20', '3520', '1', '31', 27.84, '3', 4062600, 'south', '177', 2),
(693, '3521', '21', '3521', '1', '31', 31.89, '10', 4664400, 'south', '177', 2),
(694, '3522', '22', '3522', '1', '31', 31.92, '9', 4664400, 'south', '177', 2),
(695, '3523', '23', '3523', '1', '31', 31.92, '9', 4664400, 'south', '177', 2),
(696, '3524', '24', '3524', '1', '31', 31.92, '9', 4664400, 'south', '177', 2),
(697, '3525', '25', '3525', '1', '31', 34.31, '12', 5005650, 'south', '177', 2),
(698, '3526', '26', '3527', '1', '31', 34.31, '12', 5005650, 'south', '177', 2),
(699, '3527', '27', '3527', '1', '31', 34.31, '12', 5005650, 'south', '177', 2),
(700, '3528', '28', '3528', '1', '31', 49.13, '14', 6982300, 'south', '177', 2),
(701, '3601', '01', '3601', '1', '32', 31.59, '5', 4664400, 'north', '42', 2),
(702, '3602', '02', '3602', '1', '32', 31.64, '6', 4614400, 'north', '-3', 2),
(703, '3603', '03', '3603', '1', '32', 31.95, '7', 4614400, 'north', '-3', 2),
(704, '3604', '04', '3604', '1', '32', 27.97, '1', 3962600, 'north', '-3', 2),
(705, '3605', '05', '3605', '1', '32', 27.86, '2', 3962600, 'north', '-3', 2),
(706, '3606', '06', '3606', '1', '32', 27.97, '1', 3962600, 'north', '-3', 2),
(707, '3607', '07', '3607', '1', '32', 27.86, '2', 3962600, 'north', '-3', 2),
(708, '3608', '08', '3608', '1', '32', 27.97, '1', 3962600, 'north', '-3', 2),
(709, '3609', '09', '3609', '1', '32', 27.86, '2', 3962600, 'north', '-3', 2),
(710, '3610', '10', '3610', '1', '32', 27.97, '1', 3962600, 'north', '-3', 2),
(711, '3611', '11', '3611', '1', '32', 27.86, '2', 3992600, 'north', '-3', 2),
(712, '3619', '19', '3619', '1', '32', 27.95, '4', 3862600, 'south', '177', 2),
(713, '3620', '20', '3620', '1', '32', 27.84, '3', 4062600, 'south', '177', 2),
(714, '3621', '21', '3621', '1', '32', 31.89, '10', 4664400, 'south', '177', 2),
(715, '3622', '22', '3622', '1', '32', 31.92, '9', 4664400, 'south', '177', 2),
(716, '3623', '23', '3623', '1', '32', 31.92, '9', 4664400, 'south', '177', 2),
(717, '3624', '24', '3624', '1', '32', 31.92, '9', 4664400, 'south', '177', 2),
(718, '3625', '25', '3625', '1', '32', 34.31, '12', 5005650, 'south', '177', 2),
(719, '3626', '26', '3627', '1', '32', 34.31, '12', 5005650, 'south', '177', 2),
(720, '3627', '27', '3627', '1', '32', 34.31, '12', 5005650, 'south', '177', 2),
(721, '3628', '28', '3628', '1', '32', 49.13, '14', 6982300, 'south', '177', 2),
(722, '3701', '01', '3701', '1', '33', 31.59, '5', 4664400, 'north', '42', 2),
(723, '3702', '02', '3702', '1', '33', 31.64, '6', 4614400, 'north', '-3', 2),
(724, '3703', '03', '3703', '1', '33', 31.95, '7', 4614400, 'north', '-3', 2),
(725, '3704', '04', '3704', '1', '33', 27.97, '1', 3962600, 'north', '-3', 2),
(726, '3705', '05', '3705', '1', '33', 27.86, '2', 3962600, 'north', '-3', 2),
(727, '3706', '06', '3706', '1', '33', 27.97, '1', 3962600, 'north', '-3', 2),
(728, '3707', '07', '3707', '1', '33', 27.86, '2', 3962600, 'north', '-3', 2),
(729, '3708', '08', '3708', '1', '33', 27.97, '1', 3962600, 'north', '-3', 2),
(730, '3709', '09', '3709', '1', '33', 27.86, '2', 3962600, 'north', '-3', 2),
(731, '3710', '10', '3710', '1', '33', 27.97, '1', 3962600, 'north', '-3', 2),
(732, '3711', '11', '3711', '1', '33', 27.86, '2', 3992600, 'north', '-3', 2),
(733, '3719', '19', '3719', '1', '33', 27.95, '4', 3862600, 'south', '177', 2),
(734, '3720', '20', '3720', '1', '33', 27.84, '3', 4062600, 'south', '177', 2),
(735, '3721', '21', '3721', '1', '33', 31.89, '10', 4664400, 'south', '177', 2),
(736, '3722', '22', '3722', '1', '33', 31.92, '9', 4664400, 'south', '177', 2),
(737, '3723', '23', '3723', '1', '33', 31.92, '9', 4664400, 'south', '177', 2),
(738, '3724', '24', '3724', '1', '33', 31.92, '9', 4664400, 'south', '177', 2),
(739, '3725', '25', '3725', '1', '33', 34.31, '12', 5005650, 'south', '177', 2),
(740, '3726', '26', '3727', '1', '33', 34.31, '12', 5005650, 'south', '177', 2),
(741, '3727', '27', '3727', '1', '33', 34.31, '12', 5005650, 'south', '177', 2),
(742, '3728', '28', '3728', '1', '33', 49.13, '14', 6982300, 'south', '177', 2);

-- --------------------------------------------------------

--
-- Table structure for table `room_status`
--

CREATE TABLE IF NOT EXISTS `room_status` (
  `status_id` int(11) NOT NULL,
  `status` varchar(100) NOT NULL,
  `abbreviation` varchar(50) NOT NULL
) ENGINE=InnoDB AUTO_INCREMENT=5 DEFAULT CHARSET=utf8;

--
-- Dumping data for table `room_status`
--

INSERT INTO `room_status` (`status_id`, `status`, `abbreviation`) VALUES
(1, 'Available', 'A'),
(2, 'Lock', 'L'),
(3, 'Temporary Lock', 'TL'),
(4, 'Sold', 'S');

-- --------------------------------------------------------

--
-- Table structure for table `room_type`
--

CREATE TABLE IF NOT EXISTS `room_type` (
  `room_id` int(11) NOT NULL,
  `room_type` varchar(100) NOT NULL,
  `typemain_id` int(11) NOT NULL,
  `room_function` varchar(100) NOT NULL,
  `size` float NOT NULL,
  `image` varchar(100) NOT NULL DEFAULT '-'
) ENGINE=InnoDB AUTO_INCREMENT=16 DEFAULT CHARSET=utf8;

--
-- Dumping data for table `room_type`
--

INSERT INTO `room_type` (`room_id`, `room_type`, `typemain_id`, `room_function`, `size`, `image`) VALUES
(1, 'A1', 0, '', 0, '-'),
(2, 'A2', 0, '', 0, '-'),
(3, 'A3', 0, '', 0, '-'),
(4, 'A4', 0, '', 0, '-'),
(5, 'B1', 0, '', 0, '-'),
(6, 'B2', 0, '', 0, '-'),
(7, 'B3', 0, '', 0, '-'),
(8, 'B4', 0, '', 0, '-'),
(9, 'B5', 0, '', 0, '-'),
(10, 'B6', 0, '', 0, '-'),
(11, 'B7', 0, '', 0, '-'),
(12, 'C1', 0, '', 0, '-'),
(13, 'D1', 0, '', 0, '-'),
(14, 'D2', 0, '', 0, '-'),
(15, 'D3', 0, '', 0, '-');

-- --------------------------------------------------------

--
-- Table structure for table `tower`
--

CREATE TABLE IF NOT EXISTS `tower` (
  `id` int(11) NOT NULL,
  `tower` varchar(200) CHARACTER SET utf8 COLLATE utf8_unicode_ci NOT NULL
) ENGINE=InnoDB AUTO_INCREMENT=2 DEFAULT CHARSET=utf8;

--
-- Dumping data for table `tower`
--

INSERT INTO `tower` (`id`, `tower`) VALUES
(1, 'sena-taopoon');

-- --------------------------------------------------------

--
-- Table structure for table `type_all`
--

CREATE TABLE IF NOT EXISTS `type_all` (
  `id` int(11) NOT NULL,
  `type` varchar(255) COLLATE utf8_unicode_ci NOT NULL
) ENGINE=InnoDB AUTO_INCREMENT=743 DEFAULT CHARSET=utf8 COLLATE=utf8_unicode_ci;

--
-- Dumping data for table `type_all`
--

INSERT INTO `type_all` (`id`, `type`) VALUES
(1, 'B1'),
(2, 'B2'),
(3, 'B3'),
(4, 'A1'),
(5, 'A2'),
(6, 'A1'),
(7, 'A2'),
(8, 'A1'),
(9, 'A2'),
(10, 'A1'),
(11, 'A2'),
(12, 'B4'),
(13, 'B4'),
(14, 'B4'),
(15, 'D1'),
(16, 'D3'),
(17, 'A3'),
(18, 'B7'),
(19, 'A4'),
(20, 'A3'),
(21, 'B6'),
(22, 'B5'),
(23, 'B5'),
(24, 'B5'),
(25, 'C1'),
(26, 'C1'),
(27, 'C1'),
(28, 'D2'),
(29, 'B1'),
(30, 'B2'),
(31, 'B3'),
(32, 'A1'),
(33, 'A2'),
(34, 'A1'),
(35, 'A2'),
(36, 'A1'),
(37, 'A2'),
(38, 'A1'),
(39, 'A2'),
(40, 'B4'),
(41, 'B4'),
(42, 'B4'),
(43, 'D1'),
(44, 'D3'),
(45, 'A3'),
(46, 'B7'),
(47, 'A4'),
(48, 'A3'),
(49, 'B6'),
(50, 'B5'),
(51, 'B5'),
(52, 'B5'),
(53, 'C1'),
(54, 'C1'),
(55, 'C1'),
(56, 'D2'),
(57, 'B1'),
(58, 'B2'),
(59, 'B3'),
(60, 'A1'),
(61, 'A2'),
(62, 'A1'),
(63, 'A2'),
(64, 'A1'),
(65, 'A2'),
(66, 'A1'),
(67, 'A2'),
(68, 'B4'),
(69, 'B4'),
(70, 'B4'),
(71, 'D1'),
(72, 'D3'),
(73, 'A3'),
(74, 'B7'),
(75, 'A4'),
(76, 'A3'),
(77, 'B6'),
(78, 'B5'),
(79, 'B5'),
(80, 'B5'),
(81, 'C1'),
(82, 'C1'),
(83, 'C1'),
(84, 'D2'),
(85, 'B1'),
(86, 'B2'),
(87, 'B3'),
(88, 'A1'),
(89, 'A2'),
(90, 'A1'),
(91, 'A2'),
(92, 'A1'),
(93, 'A2'),
(94, 'A1'),
(95, 'A2'),
(96, 'B4'),
(97, 'B4'),
(98, 'B4'),
(99, 'D1'),
(100, 'D3'),
(101, 'A3'),
(102, 'B7'),
(103, 'A4'),
(104, 'A3'),
(105, 'B6'),
(106, 'B5'),
(107, 'B5'),
(108, 'B5'),
(109, 'C1'),
(110, 'C1'),
(111, 'C1'),
(112, 'D2'),
(113, 'B1'),
(114, 'B2'),
(115, 'B3'),
(116, 'A1'),
(117, 'A2'),
(118, 'A1'),
(119, 'A2'),
(120, 'A1'),
(121, 'A2'),
(122, 'A1'),
(123, 'A2'),
(124, 'A1'),
(125, 'B4'),
(126, 'B4'),
(127, 'D1'),
(128, 'D3'),
(129, 'A3'),
(130, 'B7'),
(131, 'A2'),
(132, 'A3'),
(133, 'B6'),
(134, 'B5'),
(135, 'B5'),
(136, 'B5'),
(137, 'C1'),
(138, 'C1'),
(139, 'C1'),
(140, 'D2'),
(141, 'B1'),
(142, 'B2'),
(143, 'B3'),
(144, 'A1'),
(145, 'A2'),
(146, 'A1'),
(147, 'A2'),
(148, 'A1'),
(149, 'A2'),
(150, 'A1'),
(151, 'A2'),
(152, 'B4'),
(153, 'B4'),
(154, 'B4'),
(155, 'D1'),
(156, 'D3'),
(157, 'A3'),
(158, 'B7'),
(159, 'A4'),
(160, 'A3'),
(161, 'B6'),
(162, 'B5'),
(163, 'B5'),
(164, 'B5'),
(165, 'C1'),
(166, 'C1'),
(167, 'C1'),
(168, 'D2'),
(169, 'B1'),
(170, 'B2'),
(171, 'B3'),
(172, 'A1'),
(173, 'A2'),
(174, 'A1'),
(175, 'A2'),
(176, 'A1'),
(177, 'A2'),
(178, 'A1'),
(179, 'A2'),
(180, 'B4'),
(181, 'B4'),
(182, 'B4'),
(183, 'D1'),
(184, 'D3'),
(185, 'A3'),
(186, 'B7'),
(187, 'A4'),
(188, 'A3'),
(189, 'B6'),
(190, 'B5'),
(191, 'B5'),
(192, 'B5'),
(193, 'C1'),
(194, 'C1'),
(195, 'C1'),
(196, 'D2'),
(197, 'B1'),
(198, 'B2'),
(199, 'B3'),
(200, 'A1'),
(201, 'A2'),
(202, 'A1'),
(203, 'A2'),
(204, 'A1'),
(205, 'A2'),
(206, 'A1'),
(207, 'A2'),
(208, 'B4'),
(209, 'B4'),
(210, 'B4'),
(211, 'D1'),
(212, 'B2'),
(213, 'A3'),
(214, 'B7'),
(215, 'A4'),
(216, 'A3'),
(217, 'B6'),
(218, 'B5'),
(219, 'B5'),
(220, 'B5'),
(221, 'C1'),
(222, 'C1'),
(223, 'C1'),
(224, 'D2'),
(225, 'B1'),
(226, 'B2'),
(227, 'B3'),
(228, 'A1'),
(229, 'A2'),
(230, 'A1'),
(231, 'A2'),
(232, 'A1'),
(233, 'A2'),
(234, 'A1'),
(235, 'A2'),
(236, 'B4'),
(237, 'B4'),
(238, 'B4'),
(239, 'D1'),
(240, 'D3'),
(241, 'A3'),
(242, 'B7'),
(243, 'A4'),
(244, 'A3'),
(245, 'B6'),
(246, 'B5'),
(247, 'B5'),
(248, 'B5'),
(249, 'C1'),
(250, 'C1'),
(251, 'C1'),
(252, 'D2'),
(253, 'B1'),
(254, 'B2'),
(255, 'B3'),
(256, 'A1'),
(257, 'A2'),
(258, 'A1'),
(259, 'A2'),
(260, 'A1'),
(261, 'A2'),
(262, 'A1'),
(263, 'A2'),
(264, 'B4'),
(265, 'B4'),
(266, 'B4'),
(267, 'D1'),
(268, 'D3'),
(269, 'A3'),
(270, 'B7'),
(271, 'A4'),
(272, 'A3'),
(273, 'B6'),
(274, 'B5'),
(275, 'B5'),
(276, 'B5'),
(277, 'C1'),
(278, 'C1'),
(279, 'C1'),
(280, 'D2'),
(281, 'B1'),
(282, 'B2'),
(283, 'B3'),
(284, 'A1'),
(285, 'A2'),
(286, 'A1'),
(287, 'A2'),
(288, 'A1'),
(289, 'A2'),
(290, 'A1'),
(291, 'A2'),
(292, 'B4'),
(293, 'B4'),
(294, 'B4'),
(295, 'D1'),
(296, 'B2'),
(297, 'A3'),
(298, 'B7'),
(299, 'A4'),
(300, 'A3'),
(301, 'B6'),
(302, 'B5'),
(303, 'B5'),
(304, 'B5'),
(305, 'C1'),
(306, 'C1'),
(307, 'C1'),
(308, 'D2'),
(309, 'B1'),
(310, 'B2'),
(311, 'B3'),
(312, 'A1'),
(313, 'A2'),
(314, 'A1'),
(315, 'A2'),
(316, 'A1'),
(317, 'A2'),
(318, 'A1'),
(319, 'A2'),
(320, 'B4'),
(321, 'B4'),
(322, 'B4'),
(323, 'D1'),
(324, 'D3'),
(325, 'A3'),
(326, 'B7'),
(327, 'A4'),
(328, 'A3'),
(329, 'B6'),
(330, 'B5'),
(331, 'B5'),
(332, 'B5'),
(333, 'C1'),
(334, 'C1'),
(335, 'C1'),
(336, 'D2'),
(337, 'B1'),
(338, 'B2'),
(339, 'B3'),
(340, 'A1'),
(341, 'A2'),
(342, 'A1'),
(343, 'A2'),
(344, 'A1'),
(345, 'A2'),
(346, 'A1'),
(347, 'A2'),
(348, 'B4'),
(349, 'B4'),
(350, 'B4'),
(351, 'D1'),
(352, 'D3'),
(353, 'A3'),
(354, 'B7'),
(355, 'A4'),
(356, 'A3'),
(357, 'B6'),
(358, 'B5'),
(359, 'B5'),
(360, 'B5'),
(361, 'C1'),
(362, 'C1'),
(363, 'C1'),
(364, 'D2'),
(365, 'B1'),
(366, 'B2'),
(367, 'B3'),
(368, 'A1'),
(369, 'A2'),
(370, 'A1'),
(371, 'A2'),
(372, 'A1'),
(373, 'A2'),
(374, 'A1'),
(375, 'A2'),
(376, 'B4'),
(377, 'B4'),
(378, 'B4'),
(379, 'D1'),
(380, 'D3'),
(381, 'A3'),
(382, 'B7'),
(383, 'A4'),
(384, 'A3'),
(385, 'B6'),
(386, 'B5'),
(387, 'B5'),
(388, 'B5'),
(389, 'C1'),
(390, 'C1'),
(391, 'C1'),
(392, 'D2'),
(393, 'B1'),
(394, 'B2'),
(395, 'B3'),
(396, 'A1'),
(397, 'A2'),
(398, 'A1'),
(399, 'A2'),
(400, 'A1'),
(401, 'A2'),
(402, 'A1'),
(403, 'A2'),
(404, 'B4'),
(405, 'B4'),
(406, 'B4'),
(407, 'D1'),
(408, 'D3'),
(409, 'A3'),
(410, 'B7'),
(411, 'A4'),
(412, 'A3'),
(413, 'B6'),
(414, 'B5'),
(415, 'B5'),
(416, 'B5'),
(417, 'C1'),
(418, 'C1'),
(419, 'C1'),
(420, 'D2'),
(421, 'B1'),
(422, 'B2'),
(423, 'B3'),
(424, 'A1'),
(425, 'A2'),
(426, 'A1'),
(427, 'A2'),
(428, 'A1'),
(429, 'A2'),
(430, 'A1'),
(431, 'A2'),
(432, 'B4'),
(433, 'B4'),
(434, 'B4'),
(435, 'D1'),
(436, 'D3'),
(437, 'A3'),
(438, 'B7'),
(439, 'A4'),
(440, 'A3'),
(441, 'B6'),
(442, 'B5'),
(443, 'B5'),
(444, 'B5'),
(445, 'C1'),
(446, 'C1'),
(447, 'C1'),
(448, 'D2'),
(449, 'B1'),
(450, 'B2'),
(451, 'B3'),
(452, 'A1'),
(453, 'A2'),
(454, 'A1'),
(455, 'A2'),
(456, 'A1'),
(457, 'A2'),
(458, 'A1'),
(459, 'A2'),
(460, 'A4'),
(461, 'A3'),
(462, 'B6'),
(463, 'B5'),
(464, 'B5'),
(465, 'B5'),
(466, 'C1'),
(467, 'C1'),
(468, 'C1'),
(469, 'D2'),
(470, 'B1'),
(471, 'B2'),
(472, 'B3'),
(473, 'A1'),
(474, 'A2'),
(475, 'A1'),
(476, 'A2'),
(477, 'A1'),
(478, 'A2'),
(479, 'A1'),
(480, 'A2'),
(481, 'A4'),
(482, 'A3'),
(483, 'B6'),
(484, 'B5'),
(485, 'B5'),
(486, 'B5'),
(487, 'C1'),
(488, 'C1'),
(489, 'C1'),
(490, 'D2'),
(491, 'B1'),
(492, 'B2'),
(493, 'B3'),
(494, 'A1'),
(495, 'A2'),
(496, 'A1'),
(497, 'A2'),
(498, 'A1'),
(499, 'A2'),
(500, 'A1'),
(501, 'A2'),
(502, 'A4'),
(503, 'A3'),
(504, 'B6'),
(505, 'B5'),
(506, 'B5'),
(507, 'B5'),
(508, 'C1'),
(509, 'C1'),
(510, 'C1'),
(511, 'D2'),
(512, 'B1'),
(513, 'B2'),
(514, 'B3'),
(515, 'A1'),
(516, 'A2'),
(517, 'A1'),
(518, 'A2'),
(519, 'A1'),
(520, 'A2'),
(521, 'A1'),
(522, 'A2'),
(523, 'A4'),
(524, 'A3'),
(525, 'B6'),
(526, 'B5'),
(527, 'B5'),
(528, 'B5'),
(529, 'C1'),
(530, 'C1'),
(531, 'C1'),
(532, 'D2'),
(533, 'B1'),
(534, 'B2'),
(535, 'B3'),
(536, 'A1'),
(537, 'A2'),
(538, 'A1'),
(539, 'A2'),
(540, 'A1'),
(541, 'A2'),
(542, 'A1'),
(543, 'A2'),
(544, 'A4'),
(545, 'A3'),
(546, 'B6'),
(547, 'B5'),
(548, 'B5'),
(549, 'B5'),
(550, 'C1'),
(551, 'C1'),
(552, 'C1'),
(553, 'D2'),
(554, 'B1'),
(555, 'B2'),
(556, 'B3'),
(557, 'A1'),
(558, 'A2'),
(559, 'A1'),
(560, 'A2'),
(561, 'A1'),
(562, 'A2'),
(563, 'A1'),
(564, 'A2'),
(565, 'A4'),
(566, 'A3'),
(567, 'B6'),
(568, 'B5'),
(569, 'B5'),
(570, 'B5'),
(571, 'C1'),
(572, 'C1'),
(573, 'C1'),
(574, 'D2'),
(575, 'B1'),
(576, 'B2'),
(577, 'B3'),
(578, 'A1'),
(579, 'A2'),
(580, 'A1'),
(581, 'A2'),
(582, 'A1'),
(583, 'A2'),
(584, 'A1'),
(585, 'A2'),
(586, 'A4'),
(587, 'A3'),
(588, 'B6'),
(589, 'B5'),
(590, 'B5'),
(591, 'B5'),
(592, 'C1'),
(593, 'C1'),
(594, 'C1'),
(595, 'D2'),
(596, 'B1'),
(597, 'B2'),
(598, 'B3'),
(599, 'A1'),
(600, 'A2'),
(601, 'A1'),
(602, 'A2'),
(603, 'A1'),
(604, 'A2'),
(605, 'A1'),
(606, 'A2'),
(607, 'A4'),
(608, 'A3'),
(609, 'B6'),
(610, 'B5'),
(611, 'B5'),
(612, 'B5'),
(613, 'C1'),
(614, 'C1'),
(615, 'C1'),
(616, 'D2'),
(617, 'B1'),
(618, 'B2'),
(619, 'B3'),
(620, 'A1'),
(621, 'A2'),
(622, 'A1'),
(623, 'A2'),
(624, 'A1'),
(625, 'A2'),
(626, 'A1'),
(627, 'A2'),
(628, 'A4'),
(629, 'A3'),
(630, 'B6'),
(631, 'B5'),
(632, 'B5'),
(633, 'B5'),
(634, 'C1'),
(635, 'C1'),
(636, 'C1'),
(637, 'D2'),
(638, 'B1'),
(639, 'B2'),
(640, 'B3'),
(641, 'A1'),
(642, 'A2'),
(643, 'A1'),
(644, 'A2'),
(645, 'A1'),
(646, 'A2'),
(647, 'A1'),
(648, 'A2'),
(649, 'A4'),
(650, 'A3'),
(651, 'B6'),
(652, 'B5'),
(653, 'B5'),
(654, 'B5'),
(655, 'C1'),
(656, 'C1'),
(657, 'C1'),
(658, 'D2'),
(659, 'B1'),
(660, 'B2'),
(661, 'B3'),
(662, 'A1'),
(663, 'A2'),
(664, 'A1'),
(665, 'A2'),
(666, 'A1'),
(667, 'A2'),
(668, 'A1'),
(669, 'A2'),
(670, 'A4'),
(671, 'A3'),
(672, 'B6'),
(673, 'B5'),
(674, 'B5'),
(675, 'B5'),
(676, 'C1'),
(677, 'C1'),
(678, 'C1'),
(679, 'D2'),
(680, 'B1'),
(681, 'B2'),
(682, 'B3'),
(683, 'A1'),
(684, 'A2'),
(685, 'A1'),
(686, 'A2'),
(687, 'A1'),
(688, 'A2'),
(689, 'A1'),
(690, 'A2'),
(691, 'A4'),
(692, 'A3'),
(693, 'B6'),
(694, 'B5'),
(695, 'B5'),
(696, 'B5'),
(697, 'C1'),
(698, 'C1'),
(699, 'C1'),
(700, 'D2'),
(701, 'B1'),
(702, 'B2'),
(703, 'B3'),
(704, 'A1'),
(705, 'A2'),
(706, 'A1'),
(707, 'A2'),
(708, 'A1'),
(709, 'A2'),
(710, 'A1'),
(711, 'A2'),
(712, 'A4'),
(713, 'A3'),
(714, 'B6'),
(715, 'B5'),
(716, 'B5'),
(717, 'B5'),
(718, 'C1'),
(719, 'C1'),
(720, 'C1'),
(721, 'D2'),
(722, 'B1'),
(723, 'B2'),
(724, 'B3'),
(725, 'A1'),
(726, 'A2'),
(727, 'A1'),
(728, 'A2'),
(729, 'A1'),
(730, 'A2'),
(731, 'A1'),
(732, 'A2'),
(733, 'A4'),
(734, 'A3'),
(735, 'B6'),
(736, 'B5'),
(737, 'B5'),
(738, 'B5'),
(739, 'C1'),
(740, 'C1'),
(741, 'C1'),
(742, 'D2');

-- --------------------------------------------------------

--
-- Table structure for table `user`
--

CREATE TABLE IF NOT EXISTS `user` (
  `user_id` int(11) NOT NULL,
  `name` varchar(100) NOT NULL,
  `lastname` varchar(100) NOT NULL,
  `tel` varchar(20) DEFAULT NULL,
  `email` varchar(100) NOT NULL,
  `password` varchar(100) NOT NULL,
  `permission` varchar(50) NOT NULL
) ENGINE=InnoDB AUTO_INCREMENT=48 DEFAULT CHARSET=utf8;

--
-- Dumping data for table `user`
--

INSERT INTO `user` (`user_id`, `name`, `lastname`, `tel`, `email`, `password`, `permission`) VALUES
(36, 'Super Admin', 'Super Admin', '0880292913', 'breeze.ki.ku@gmail.com', '81dc9bdb52d04dc20036dbd8313ed055', '1'),
(46, 'Admin', 'Admin', '0859996666', 'admin@gmail.com', 'e10adc3949ba59abbe56e057f20f883e', '2'),
(47, 'User', 'User', '0859996666', 'user@gmail.com', 'e10adc3949ba59abbe56e057f20f883e', '3');

--
-- Indexes for dumped tables
--

--
-- Indexes for table `floor`
--
ALTER TABLE `floor`
  ADD PRIMARY KEY (`id`);

--
-- Indexes for table `permission`
--
ALTER TABLE `permission`
  ADD PRIMARY KEY (`permission_id`);

--
-- Indexes for table `room`
--
ALTER TABLE `room`
  ADD PRIMARY KEY (`id`);

--
-- Indexes for table `room_status`
--
ALTER TABLE `room_status`
  ADD PRIMARY KEY (`status_id`);

--
-- Indexes for table `room_type`
--
ALTER TABLE `room_type`
  ADD PRIMARY KEY (`room_id`);

--
-- Indexes for table `tower`
--
ALTER TABLE `tower`
  ADD PRIMARY KEY (`id`);

--
-- Indexes for table `type_all`
--
ALTER TABLE `type_all`
  ADD PRIMARY KEY (`id`);

--
-- Indexes for table `user`
--
ALTER TABLE `user`
  ADD PRIMARY KEY (`user_id`);

--
-- AUTO_INCREMENT for dumped tables
--

--
-- AUTO_INCREMENT for table `floor`
--
ALTER TABLE `floor`
  MODIFY `id` int(11) NOT NULL AUTO_INCREMENT,AUTO_INCREMENT=34;
--
-- AUTO_INCREMENT for table `permission`
--
ALTER TABLE `permission`
  MODIFY `permission_id` int(11) NOT NULL AUTO_INCREMENT,AUTO_INCREMENT=4;
--
-- AUTO_INCREMENT for table `room`
--
ALTER TABLE `room`
  MODIFY `id` int(11) NOT NULL AUTO_INCREMENT,AUTO_INCREMENT=743;
--
-- AUTO_INCREMENT for table `room_status`
--
ALTER TABLE `room_status`
  MODIFY `status_id` int(11) NOT NULL AUTO_INCREMENT,AUTO_INCREMENT=5;
--
-- AUTO_INCREMENT for table `room_type`
--
ALTER TABLE `room_type`
  MODIFY `room_id` int(11) NOT NULL AUTO_INCREMENT,AUTO_INCREMENT=16;
--
-- AUTO_INCREMENT for table `tower`
--
ALTER TABLE `tower`
  MODIFY `id` int(11) NOT NULL AUTO_INCREMENT,AUTO_INCREMENT=2;
--
-- AUTO_INCREMENT for table `type_all`
--
ALTER TABLE `type_all`
  MODIFY `id` int(11) NOT NULL AUTO_INCREMENT,AUTO_INCREMENT=743;
--
-- AUTO_INCREMENT for table `user`
--
ALTER TABLE `user`
  MODIFY `user_id` int(11) NOT NULL AUTO_INCREMENT,AUTO_INCREMENT=48;
/*!40101 SET CHARACTER_SET_CLIENT=@OLD_CHARACTER_SET_CLIENT */;
/*!40101 SET CHARACTER_SET_RESULTS=@OLD_CHARACTER_SET_RESULTS */;
/*!40101 SET COLLATION_CONNECTION=@OLD_COLLATION_CONNECTION */;
